,기사요약
0,"전장연은 ""정부가 협약에 가입만 해놓고 사실상 의무를 이행하지 않고 있다""며 ""선택의정서를 조속히 비준해 장애인에게 최소한의 인간다운 삶을 보장해야 한다""고 강조했다_x000D_전장연은 기자회견에 앞서 지난 사흘간 서울 강남고속버스터미널 승강장에서 장애인 이동권 보장을 요구하며 '고속버스 승차 투쟁'을 벌였다_x000D_조현수 전장연 정책국장은 ""국토부가 16억원을 들여 고속버스 40대에 휠체어리프트를 설치해 운용하는 방안을 제시했지만, 어제 확정된 내년도 최종예산안에 포함되지 않았다고 한다""면서 ""이는 현 정부가 장애인 이동권 보장에 대한 최소한의 의지도 없다는 의미로밖에는 받아들일 수가 없다""고 비판했다_x000D_"
1,"[한겨레] 정부, 리프트 설치 비용 내년 예산에 반영 안해장애인단체, 고속버스터미널에서 항의 집회전국장애인차별철폐연대 회원 100여명이 ‘세계 장애인의 날’을 하루 앞둔 2일 오후 서울 서초구 고속버스터미널 승강장에서 ‘고속버스 타기’를 시도하고 있다_x000D_김씨는 휠체어를 실을 수 있는 고속버스가 있다면 광주에 다시 한번 가보고 싶다고 말했다_x000D_” 2일 오후 4시 서울 강남구 서초동 고속버스터미널 경부선 1~13번 승차장에 휠체어를 탄 장애인 150여명이 모였다_x000D_‘세계 장애인의 날’을 하루 앞둔 이날 전국장애인차별철폐연대는 휠체어를 탄 장애인들이 고속버스를 탈 수 없는 현실을 보여주기 위해 오후 4시30~40분 부산과 세종시 등으로 출발하는 고속버스 10대에 세 자리씩을 미리 예약했다_x000D_16억원이면 휠체어를 탄 장애인들도 고속버스를 이용할 수 있다_x000D_"
2,"[경기]  수원역에서 사당역까지 운행하는 7770번 좌석버스가 수원역 정류장에 당도하자 사람들의 시선이 모두 쏠렸다_x000D_출퇴근 시간에 서서 가는 불편을 감수하는 것은 당연하고, 그마저도 탈 공간이 없어서 버스를 놓치는 경우도 비일비재한 구간이다_x000D_경기도는 이런 혼잡과 불편을 개선해보고자 12월 한 달간 2층버스 시범 운행을 시행 중이다_x000D_오후 6시경 사당역에서 버스를 기다리는 승객들의 모습_x000D_서울, 부산 등 일부 지역에서 관광용을 제외하고는 2층버스가 도심을 누비는 경우가 낯선 관경이라서 이 2층버스에 사람들의 시선이 모두 쏠렸다_x000D_그는 또 “사실 출퇴근 시간에 수원-사당행 버스는 고행이 따로 없는데, 2층버스 운행이 실제적으로 효과만 있다고 한다면 수원의 명물이 되지 않을까 하는 기대감이 든다_x000D_대부분의 수원-사당행 좌석버스 노선에는 버스를 기다리는 대기줄이 두 줄이다_x000D_한 줄은 원래 버스를 기다리는 줄이고, 또 한 줄은 서서라도 가기 위해 기다리는 입석용 줄이다_x000D_”라고 탑승 소감을 말했다_x000D_경기도청에 따르면, 이번에 시범운행을 하는 영국 알렉산더 데니스사의 엔비로(Enviro) 500 모델에는 어라운드 뷰 모니터링(AVM) 시스템이 장착돼 있다고 한다_x000D_"
3,"권 후보는 “여성고위공직자의 승진기회 확대와 더불어 여성 부시장, 여성 시정자문단 등을 구성하겠다”고 밝히고 “워킹맘, 싱글맘을 위한 안전한 육아돌보미 기관을 지원하고 엄마부산센터의 운영과 여성사회적 기업의 육성을 통한 양성평등의 사회를 만들어 가겠다”고 말했다_x000D_권 후보는 이 밖에도 “자치구별 에너지 자립형 생활체육센터를 설립하고 시민이 일상생활에서 생활체육을 편리하게 이용할 수 있도록 체육관, 공공운동시설 등을 확대, 지원해 나가겠다”고 밝혔다_x000D_"
4,
5,"* 교통약자 : 장애인, 고령자, 임산부, 영유아를 동반한 자, 어린이 등 생활을 영위함에 있어 이동에 불편을 느끼는 자 시내버스의 경우에는 차체가 낮아 휠체어 이용자 및 고령자 등의 승·하차가 용이한 저상버스 5,338대(보급률 16_x000D_국토부는 휠체어 장애인의 고속버스 이동권 보장은 국가재정상 문제 등으로 단기간 내 해결이 곤란하지만 이동편의 증진을 위해 조만간 장애인 이동실태조사와 확충방안에 대한 연구용역에 착수할 예정 이라고 밝혔다_x000D_"
6,"최근 전주의 한 시내버스 업체 대표 A씨가 2011년부터 4년간 저상버스 구입비 명목으로 13억여원의 보조금을 타내 다른 용도로 사용하다 경찰에 적발된 이후 내려진 조치다_x000D_한편, 전주시는 노인, 장애인 등 교통 약자의 이동 편의를 위해 운영하는 저상버스 구매 보조금으로 대당 1억원씩을 지원하고 있다_x000D_"
7,"단체는 ""저상 2층 광역버스를 도입한다면 버스 증차 없이 좌석수를 늘려 입석 문제를 해결할 뿐만 아니라 이동편의증진법에 근거한 장애인이동권 문제도 해결할 수 있다""며 ""휠체어 이용 장애인의 이동권 보장을 위해 저상 2층 광역버스를 도입하라""고 촉구했다_x000D_"
8,"설레는 귀성길     (서울=연합뉴스) 김도훈 기자 = 추석 연휴를 하루 앞둔 5일 서울역 승강장에서 한 가족이 열차에 탑승하기 위해 이동하고 있다_x000D_3% 늘어날 듯오후부터 고속도로 곳곳 지정체…서울→부산 6시간 20분    (서울=연합뉴스) 사건팀 = 5일간의 긴 추석 연휴를 하루 앞둔 5일 서울역과 고속버스 터미널, 공항은 고향을 찾는 시민들로 북적거렸다_x000D_고향 앞으로     (광주=연합뉴스) 형민우 기자 = 추석 연휴를 하루 앞둔 5일 오전 광주역에 도착한 귀성객들이 바쁘게 발걸음을 옮기고 있다_x000D_아이와 함께 큰 등산가방을 매고 서울역 광장을 부지런히 걷던 김재영(35)씨 부부는 ""연휴가 긴데 반차까지 쓰기는 눈치가 보였지만, 포항 부모님을 일찍 찾아뵙고 지리산 둘레길도 들러볼 생각에 용기를 냈다""고 말했다_x000D_2살된 딸을 데리고 귀향하는 주부 김진희(35·여)씨는 ""시댁 어른과 친정 부모님들을 모두 찾아뵙고 올 계획""이라며 ""어린 딸이 차멀미 하지 않고 무사히 고향에 도착했으면 좋겠다""고 말했다_x000D_점차 늘어가는 귀성길 교통량     (성남=연합뉴스) 신준희 기자 = 추석 연휴가 시작된 5일 오후 경기도 성남시 경부고속도로 서울 톨게이트를 지나는 귀성 차량들이 점차 늘어나고 있다_x000D_국토교통부는 올해 추석 연휴 귀성길은 추석 이틀 전인 6일 오전, 귀경길은 추석 당일인 8일 오후에 고속도로 혼잡이 가장 심할 것으로 보고 있다_x000D_"
9,"10년째 요구해도 전동휠체어 탈 수 있는 저상 시외버스 '0대'[CBS노컷뉴스 김민재 기자]추석 연휴를 하루 앞둔 5일 오후 서울 강남고속버스터미널에서 전국장애인철폐연대 회원들이 버스 탑승을 시도하고 있다_x000D_"
10,"왼쪽부터 문승숙, 권흥순, 류충근, 황창수, 이영애, 류정근, 이수귀 씨_x000D_니 늙어 봤나, 나는 젊어도 봤다"" 궁금했다_x000D_""소변 참기 힘든데 공중화장실 적어 급정거 잦고 승·하차 위험한 버스 제발 노인들 좀 배려해 줬으면…"" ""먹고살기 바빴던 게 우리 노인들 소통 기술 배우고 몸 관리 잘 해서 이제 '노인 짓' 아닌 '어른 짓' 해야""이날 권흥순(72·여), 류정근(72), 류충근(67), 문승숙(81·여), 황창수(68) 씨와 노인 관련 활동을 활발하게 펼치는 이수귀(63·여), 이영애(59·여) 씨가 수다에 참석했다_x000D_좌석 중간에 경로석 만들면 젊은 애들과 편하게 얘기할 수 있잖아_x000D_류충근=경로석 없애는 데 찬성!이영애=노인이 신체·정신적·사회적으로 건강해야 합니다_x000D_이수귀=노인들도 젊은이들의 눈높이에 맞춰 대화해야 합니다_x000D_노인들이 급하게 내리다 다치는 경우가 있어요_x000D_이수귀=버스 기사들이 급정거하는 경우가 많아요_x000D_황창수=지하철 무료 연령을 70세로 올리는 것은 괜찮아_x000D_권흥순=노인들 지하철 유료는 나도 반대야_x000D_잘 몰라서 복지 혜택을 못 받는 사람이 많더라고_x000D_복지사들 일손이 부족하니까 이 일을 노인들에게 맡긴다면 일자리 창출이지_x000D_노인 일자리 수행기관 지정을 받으려고 하는데 잘 안되네_x000D_"
11,"부산시에 장애인 정책요구안 전달[오마이뉴스 정민규 기자] ▲  장애인들의 권리 실현을 위한 장애인차별철폐 부산공동투쟁실천단이 20일 오후 부산시청 광장에서 출범 기자회견을 열었다_x000D_ⓒ 정민규""언제까지 기다려야 합니까""20일 오후 봄비가 내리는 부산시청 광장에서 김호상 '420장애인차별철폐 부산공동투쟁실천단'(아래 실천단) 공동대표가 사람들에게 물었다_x000D_"
12,"장 씨는 ""최근 제조된 저상버스의 경우 그나마 사정이 나은 편이지만, 대다수 버스가 성인 남성이 앉기에는 좌석 간격이 지나치게 좁아서 장시간 버스를 타면 다리가 저리고 허리까지 쑤신다""며 ""일부 버스는 앉는 것조차 버거워서 억지로 몸을 욱여넣거나, 아예 멀쩡한 빈자리를 놔두고 서서 가는 경우도 있다""고 말했다_x000D_반면, 최근 생산된 저상버스의 경우 좌석 간격이 넓게는 70㎝에 달할 만큼 버스 간 편차가 컸다_x000D_한 버스 제조업체 관계자는 ""통상 좌석 개수와 크기 등은 버스 회사와 협의해 조정하고 있다""며 ""연식이 조금 오래된 버스의 경우 최근 출시되는 신형 버스보다 좌석 간격이 좁게 느껴질 수 있을 것""이라고 말했다_x000D_"
13,"""승차 보조 리프트 시설 없어 전동휠체어는 아예 불가능 35명 탑승 체험 5명만 겨우 타지난 25일 부산 동구 부산역 앞 부산시티투어버스 정류장에는 휠체어를 이용하는 장애인 35명이 모였다_x000D_부산시티투어버스는 일반 관광버스처럼 양쪽에 좌석이 두 개씩 있어 전동 휠체어가 들어갈 공간이 없었다_x000D_결국 접을 수 있는 수동 휠체어를 이용하는 장애인 5명만이 투어에 도전했다_x000D_장애인을 먼저 들어 옮기고 휠체어는 접어서 따로 들고 가는 방법밖에 없었다_x000D_"
14,"장애를 가진 아이도 부모보다 오래 살 권리가 있다_x000D_보건복지부가 발표한 2014년 장애인 실태조사에 따르면 우리나라 거주 장애인은 약 273만 명이다_x000D_장애인의 필요로 만들어졌을 텐데 사용되지 않는 이유는 무엇일까?실제로 전국 교통약자 인구 중 단 1%만이 저상버스를 이용한다고 답했다_x000D_장애인 자체를 좋지 않은 시선으로 보기도 하고, 평균 10분이 걸리는 휠체어 승하차 시간을 기다리지 못해 승객들이 불만을 표하는 경우가 많다고 한다_x000D_제도적·시설적 요인과 사회 분위기적 요인이 복합되어 장애인은 저상버스를 이용하는 것뿐만 아니라 이동하는 것 그 자체가 어렵다_x000D_이렇듯 비장애인의 시선으로 보면 아무렇지 않아 보이지만, 장애를 가진 사람의 입장에서 보면 가장 기본적인 권리조차 보장받지 못하는 경우가 많다_x000D_하지만 발달장애 1급인 아들을 둔 이진섭 씨는 '우리 균도'라는 책에서 장애를 가진 아이도 부모보다 오래 살 권리가 있다고 말한다_x000D_장애인과 장애인 가족이 이 세상에 요청하는 바는 살기 위한 절박한 외침이다_x000D_장애를 가진 사람과 그 가족이 겪는 어려움이 장애 그 자체보다 사회적 시선과 제도로 인한 것이 많음을 세세하게 말해준다_x000D_사회를 구성하는 모두가 자신의 이름을 잃지 않고 가치 있는 인간으로 살아가기 위해 필요한 시선을 발견할 수 있는 소설이다_x000D_"
15,"전국장애인차별철폐연대 회원들이 24일 오후 서울 서초구 반포동 서울고속버스터미널에서 장애인들의 시외 이동권 보장 촉구 기자회견을 하고 있다_x000D_24/뉴스1 © News1 박정호 기자전국장애인차별철폐연대, 강남고속터미널서 기자회견(서울=뉴스1) 김일창 기자 = 추석을 앞두고 장애인 단체는 ""교통약자는 시외고속 버스를 단 한 대도 탈 수 없다""며 장애인들의 시외 이동권 보장을 촉구했다_x000D_"
16,"【의정부=뉴시스】이종구 기자 = 경기도가 9일 2층 버스 1호차를 공개했다_x000D_(사진=경기도 제공)   leejg@newsis_x000D_(사진=경기도 제공)   leejg@newsis_x000D_leejg@newsis_x000D_"
17,"한국장애인단체총연맹(한국장총)은 12일 전국 시·도별 장애인 복지·교육 비교 가운데 이동(편의)·문화여가 및 정보접근 영역을 발표했다_x000D_지난해와 동일한 8개 지표로 평가한 이동(편의)·문화여가 및 정보접근 영역의 전국 평균은 48_x000D_그 외 시·도의 경우 올해를 기점으로 상승함에 따라 전국 평균에 이어 상승세로 가는 중요한 기점인 만큼 각 지방자치단체의 관심과 노력이 요구된다이동(편의)·문화여가·정보접근 분야를 세부적으로 살펴보면 먼저 이동과 관련하여 장애인들의 이동권을 보장하기 위해 각 시·도는 장애인 특별운송수단과 저상버스 도입을 실시하고 있다_x000D_보고서는 “제주의 경우 최하위 지역임에도 불구하고 전년 대비 향상이 없어 올해도 최하위를 기록하면서 장애인 이동권 보장을 위한 제주의 관심과 노력이 요구된다”고 지적했다_x000D_최하위 지역 점수 역시 10점 이상 더 낮은 것으로 나타났다_x000D_"
18,"㈜티지엠은 4일 세계최초 무인자동 배터리 교환식 친환경 전기버스 출고식을 가졌다(함양군제공)© News1(부산ㆍ경남=뉴스1) 이경구 기자 = 경남 함양군소재 ㈜티지엠에서 생산된 친환경 전기버스가 제주도에서 첫 선을 보인다_x000D_4일 함양일반산업단지 내 ㈜티지엠에서 세계최초 무인자동 배터리 교환식 친환경 전기버스 출고식이 있었다_x000D_㈜티지엠은 지난해 10월 회사 출범이후 최초로 배터리 교환식 전기버스 23대를 제주도 동서교통과 계약했다_x000D_"
19,"""    부산공공교통네트워크는 16일 부산참여연대 강당에서 부산지역 5대 대중교통공약을 발표하고 4·13 총선 출마자와 정당 등이 추진해줄 것을 촉구했다_x000D_"
20,"올해는 교통약자가 버스에 쉽게 오르내릴 수 있도록 저상버스 운전자를 대상으로 휠체어 승·하차 실습교육도 집중 실시할 예정이다_x000D_부산시 관계자는 “앞으로도 운전종사자를 대상으로 시대흐름에 맞는 맞춤교육을 실시해 운전종사자의 선진교통문화 의식 수준을 높이고 서비스 개선을 통해 시민에게 더욱 친절하고 안전한 대중교통이 되도록 노력할 계획”이라고 밝혔다_x000D_"
21,"(부산=연합뉴스) 부산시는 어린이와 청소년들에게 생태환경에 대한 이해와 올바른 가치관을 형성하고자 4월부터 11월까지 초읍동 어린이대공원 숲체험학습센터에서 '숲생태체험교실'을 운영한다고 11일 밝혔다_x000D_여객 및 화물 운수종사자 교육    (부산=연합뉴스) 부산시는 운수종사자 전문교육기관인 교통문화연수원과 함께 버스·택시·화물운수종사자 3만6천820명을 대상으로 2016년 운수종사자 교육을 한다_x000D_"
22,"또 포항과 제주에서는 일부 배터리교환형이, 경북 구미에서는 무선충전식) 등이 있으나 충전방식의 전기버스가 정식 시내버스 노선에 투입되는 것은 이번이 처음이다_x000D_부산버스운송사업조합과 62번 노선을 운영하는 오성여객은 전기버스 제조업체들로부터 제안서를 받아 지난 7일 우선협상대상자를 선정했으며, 세부 사양 협상을 진행해 오는 11월쯤 시내버스 운행을 개시할 계획이다_x000D_부산시는 이어 10대가 성공적으로 운행할 경우 내년 말까지 20대를 추가로 다른 시내버스 노선에 투입해 운행할 계획이다_x000D_"
23,"부산시는 오는 11월부터 수영구 민락동에서 신라대를 운행하는 62번 시내버스 노선에 처음으로 충전식(플러그인) 전기버스 5대를 투입한다고 24일 밝혔다_x000D_시는 연말까지 교체되는 200여 대에 먼저 새 디자인을 적용해 시민들의 반응을 평가할 예정이다_x000D_"
24,"색다르지만 아쉬움도 남아[오마이뉴스 글:박장식, 편집:김예지]본문에 들어가기 앞서 대부분의 독자분들에게 생소한 간선급행버스체계(이하 BRT)에 대해 설명하겠습니다_x000D_서울의 제물포길과 같이, 기존의 도로와 물리적으로 분리시킨 형태로 버스전용차선이 존재하는 형태이거나 버스의 움직임에 맞춰 신호를 직진으로 바꾸는 식으로 버스를 멈추지 않게끔 하는 것이 BRT의 주요한 목표로, 현재 대한민국에는 세종시 전역에 고급의 BRT 시스템이, 인천광역시 청라-계양 지역에 중급의 BRT 시스템이, 경기 고양시와 하남시에는 초급의 BRT 시스템이 운영되고 있습니다_x000D_ⓒ 박장식  2013년 4월 개통되어 현재까지 세종특별자치시의 교통을 책임지고 있는 교통수단인 BRT_x000D_충청북도 청주시 오송역에서 세종특별자치시의 심장을 거쳐 대전광역시의 대전역까지, 약 53km의 구간에 새로 BRT 노선이 생겨나 운행하기 시작했다_x000D_이 노선이 특색있는 것은 고속화도로에 최초로 도시철도 정거장과 비슷한 형태의 정류소가 설치되었다는 것, 그리고 BRT로서는 최초로 지하에 정류소가 개소했다는 것이다_x000D_새로 도입한 바이모달트램이 오작동으로 인해 멈추었던 경우 외에는, 3년째 별다른 사고 없이 안전하게 다니고 있는 주황색 버스, 990번 BRT 노선이 꽤 빠르게 정류장 안으로 들어온다_x000D_19일 개통식을 거친 이후 20일부터 운행하기 시작했는데, 1001번 버스의 경로에 있는 한누리대로, 대전천변고속화도로 내 BRT 전용도로의 일부 구간과 소담로의 버스전용차로 역시 운영을 개시했다_x000D_세종시의 BRT 승강장의 규격은 35cm인데, 1001번 버스에 투입된 버스의 문은 35cm보다 낮았다_x000D_BRT특별법이 시행되어 BRT를 비롯해 허가받은 버스 차량 외에는 BRT 차로 내에 진입하지 못하게 됨에 따라 '지하철역에서 버스를 타는 듯한' 느낌을 받을 수 있게 되었다_x000D_▲  지하차도를 나와 지하승강장으로 들어서는 BRT 1001번 버스            ⓒ 박장식  미개통된 정류소 하나가 눈에 띈다_x000D_▲  고가역과 비슷한 모양을 하고 있는 대덕연구단지 BRT 정류소_x000D_하지만 입석이 불가능하다는 하나의 문제만 해결했을 뿐, 버스 문이 BRT 승강장에 긁히고, 버스 계단이 BRT 승강장보다 낮으며, 승하차 시간이 오래 걸리고, 유모차와 휠체어는 이용이 불가능한 것과 같은 원초적인 문제가 해결되지 않은 상태이다_x000D_'도로 위의 지하철'이 대전에서는 통하지 않네         ▲  서울의 버스전용차로와 다른 점이 없는 대전 BRT차로            ⓒ 박장식  버스가 대전에 들어오자 자꾸 신호등에 걸리기 시작했다_x000D_앞서 말했듯 세종특별자치시처럼 전용 도로나 전용 입체화 시설을 통해 멈추지 않는 것이 불가능한 도시의 경우, 해외에서는 아예 신호체계를 바꾸어 BRT가 지나가는 때에 맞춰 교차로의 신호를 바꾸는 시스템적인 변화를 끌어내고 있는 상태이다_x000D_즉 대전광역시 구간은 BRT라고 이름 지은 중앙버스차로에 달리는, 초보적인 BRT 이하의 모습을 보인다_x000D_단순 광역버스 말고, BRT를 진짜로 운행하고 싶다면         ▲  버스가 대전천변로의 BRT 전용차로를 시원스럽게 달린다_x000D_ⓒ 박장식  대전-세종간 BRT 1001번은 세종특별자치시 구간에서 최고의 선진적인 BRT를, 그리고 대전광역시 구간에서 최악의 BRT를 선보인 상태이다_x000D_세종시에서는 허가받은 노선인 세종-반석역 간 990번, 청주공항으로 가는 공항버스인 751번, 이번에 개통한 1001번 버스를 제외하고는 모두 BRT 구간으로 입선을 허가하지 않은 상태이다_x000D_박용남 지속가능도시연구센터 소장은 <한겨레>와 인터뷰에서 ""BRT를 전용차로를 달리는 버스 정도로 알고 있는데, BRT는 철도의 정시성·신속성·쾌적성과 버스가 지닌 노선의 유연성·접근성·경제성이 조화를 이뤄 '땅 위의 지하철'로 불린다, BRT가 트램과 다른 점은 궤도와 바퀴의 차이""라고 밝혔다_x000D_BRT를 세종시처럼 똑똑하게 운행하는 하나의 방법은 BRT가 다니는 구간에 화단을 설치하거나, 분리대를 설치해 세종시처럼 폐쇄형으로 운영하면서 BRT가 다니는 1차로에만 자동차전용도로에서 해제하는 것이다_x000D_대전광역시내에서도 세종시와 같은 BRT 전용 노선으로 거듭나게 하고, BRT의 위치를 감지해 신호를 바뀌게 하는 시스템이 마련되어야 한다_x000D_그리고 중요한 것은 BRT가 '땅 위의 지하철'이라는 별칭과는 다르게 삭막한 버스 번호로만 불리는 것이다_x000D_이미 대만에서는 BRT를 하나의 지하철 노선으로 운행하고 있다_x000D_"
25,"부산시는 이르면 오는 8월 중순부터 영도구에서 '다인승 두리발'을 시범 운영할 계획이라고 19일 밝혔다_x000D_'다인승 두리발'은 25인승 저상버스를 개조해 휠체어 5대와 보호자 5명을 함께 태울 수 있도록 설계됐다_x000D_"
26,"내년에 30대를 우선 도입, 운영하면서 2021년까지 1000대까지 늘릴 계획이다_x000D_이밖에 교통약자 보호구역을 826곳으로 확대한다_x000D_인천지하철 1·2호선 4개 역사에 엘리베이터나 에스컬레이터도 추가로 설치된다_x000D_com[한경닷컴 바로가기] [글방] [모바일한경 구독신청] ⓒ 한국경제 & hankyung_x000D_"
27,"ⓒ 박장식국내의 최대 자동차 회사인 현대자동차가 전기버스 시장에 출사표를 던지면서 본격적인 전기버스의 시대가 가까워졌다_x000D_특히 중국제 버스, 한국 중소기업의 버스 등 다양한 버스가 이미 대한민국 곳곳을 누비고 있고, 현대자동차의 '일렉시티' 출시로 국내에서 저상버스보다 쉽게 전기버스를 접할 수 있게 됨에 따라 시민들의 생활에도 큰 영향을 끼칠 것으로 보인다_x000D_남산 전기버스부터 일렉시티까지 ▲ 남산에 처음 들어온 전기버스 남산전기버스는 국내 최초의 영업운행을 한 전기버스로 기록된다_x000D_▲  전기동력을 이용한 최초의 양산형 하이브리드 버스인 블루시티 버스가 세종 BRT로 운행하고 있다_x000D_가장 많은 수의 전기버스가 생산된 에디슨 모터스(구 TGM, 한국화이바) 외에 전기버스 생산 라인이 마련되지 않은 것 또한 관건이었다_x000D_그런 상황에서 올해 5월 국내 최초의 양산형 전기버스인 일렉시티가 현대 버스&트럭 메가페어에서 공개되었다_x000D_하지만 김포운수에서 중국 EVIC 사의 전기버스 모델을 구매하여 운행하는 등, 수요가 높아질수록 해외 업체의 한국으로의 러브콜도 이어질 것으로 보인다_x000D_"
28,"창원지역 운수업체 관계자들이 14일 마산합포구청 대회의실에서 ‘서비스 개선 자정(自淨) 결의대회’를 개최하고 있다_x000D_이날 행사에 창원지역 운수업체 ㈜대운교통 외 5개 업체와 시내버스 운수종사자 등 800여명이 참석했다_x000D_시는 대중교통 문제점을 개선하기 위해 ‘대중교통 체계개편’을 추진할 계획이며 각 지역별로 법규위반이 많은 곳을 선정해 강력한 단속도 함께 실시할 방침이다_x000D_"
29,"대구국제미래자동차박람회, 전기버스 가능성 보였다[오마이뉴스 박장식 기자]타칭 '교통 오타쿠', 자칭 '교통 칼럼니스트'가 연재합니다_x000D_현대차부터 '에디슨 모터스'까지, 전기버스관 따로 마련         ▲ 전기버스가 가득 지난 23일부터 26일까지 개최되었던 대구국제미래차박람회의 전기버스관_x000D_ⓒ 박장식  DIFA는 실제로 다양한 차량들이 엑스코의 넓은 전시관을 꽉 채웠다_x000D_E와 소형 전기차 '트위지', 테슬라의 전기자동차 모델 등 전기, 수소 등을 사용한 친환경 자동차가 DIFA를 통해 공개되어 많은 시민들의 이목을 끌었을 정도이다_x000D_이미 경기도 김포에 중국 EVIC 사의 전기버스가 운행하고 있는 데다가, 중국은 전기버스 운행이 한국에 비해 더욱 많은 국가라는 점 때문에 중국산 전기버스가 각계각층으로부터 주목받고 있다_x000D_▲  대구국제미래차박람회에 전시된 BYD 사의 11미터급 저상버스 eBus-12_x000D_▲  대구국제미래차박람회에 BYD 사가 전시한 ebus-7 모델_x000D_eBus-7 모델은 국내에 시판되는 최초의 7m 전기버스 모델이다_x000D_"
30,"28/뉴스1 © News1 오장환 기자(서울=뉴스1) 박기락 기자 = 만트럭버스코리아가 올해 국내 상용차 판매량이 지난해보다 감소할 것으로 전망하며 판매 차종 확대, 서비스 품질 개선 등 질적 성장을 추진하겠다고 밝혔다_x000D_이날 막스 버거(Max Burger) 만트럭버스코리아 사장은 올해 국내 상용차 시장 규모가 지난해보다 축소될 것으로 내다봤다_x000D_매년 등락을 거듭하는 우리나라 상용차 시장이 지난해 큰 폭으로 성장한 만큼 올해 판매 확대가 쉽지 않을 것으로 전망이다_x000D_버거 사장은 ""올해 시장 규모가 작년보다 얼마나 축소될지는 판단하기 어렵다""며 ""다만 질적 성장 측면에서 상용차 시장점유율을 지난해보다 0_x000D_"
31,"국토부 이동편의 조사 국민 26%가 '교통약자'교통약자는 고령자(65세 이상)가 기장 많고 이어 어린이·영유아동반자·장애인·임산부 등의 순이었다_x000D_"
32,"[앵커]부산의 버스업체들이 정부 보조금으로 구입한 버스를 담보로 불법 대출을 받아온 사실이 드러났습니다_x000D_정부와 부산시는 차 값의 절반인 대당 1억원 가량의 보조금을 시내버스 업체에 지원했습니다_x000D_버스업체들이 국비와 시비로 산 버스를 담보로 대출을 받은 겁니다_x000D_"
33,"서울모터쇼 첫 참가…천연가스 저상버스 등 4종 공개(용인=연합뉴스) 김연정 기자 = 상용차 생산업체 만트럭버스그룹의 한국법인인 만트럭버스코리아는 28일 경기도 용인시 기흥구에 신축한 본사의 개소식을 열고 올 한해 양적 성장과 함께 질적 성장에 주력하겠다는 목표를 밝혔다_x000D_이날 개소식에는 만트럭버스그룹의 하인즈-유르겐 러프 영업·마케팅 총괄 부회장, 막스 버거 만트럭버스코리아 사장 등이 참석했다_x000D_지난해 인천, 순천, 포항 등 서비스센터를 신규 오픈 또는 확장 이전했고, 올해는 현재까지 용인, 제주, 김해에 신규 서비"
34,"저상버스 [연합뉴스 자료사진]    (청주=연합뉴스) 변우열 기자 = 장애인과 노약자 등 교통 약자를 위한 저상버스와 '장애인 택시'의 충북지역 보급률이 전국 평균을 밑도는 것으로 나타났다_x000D_3%를 밑도는 것이고, 전국 시·도 가운데 전남, 부산, 인천, 경남에 이어 5번째로 낮은 것이다_x000D_"
35,"【청주=뉴시스】강신욱 기자 = 충북 청주시는 정부의 친환경 정책에 부합하고 도시의 대기질 개선을 위한 전기버스 6대를 도입해 연말부터 운행한다고 18일 밝혔다_x000D_올해 도입하는 전기버스 6대는 오송역과 청주국제공항을 운행하는 747번 저상 급행버스 노선에 투입된다_x000D_"
36,"2km 운행 가능【서울=뉴시스】윤슬기 기자 = 서울시가 도원교통과 15일 서울 정릉차고지에서 전기버스 시승식을 진행했다_x000D_고홍석 서울시 도시교통본부장은 이날 시승식에서 ""미세먼지 대책의 일환으로 전기시내버스가 처음으로 도입됐다""며 ""전기버스 시범운영을 통해 서울시만의 모델을 만들어보고자 한다""고 말했다_x000D_com이날 버스에 탑승한 승객 한광자(68·여)씨는 ""진동도 별로 없고 소음도 없어 안락하다""며 ""미세먼지 때문에 다들 난리인데 전기버스 도입이 더 빨리 돼야 한다""고 말했다_x000D_시는 이날 운행을 시작한 1711번(국민대~공덕동) 9대 외에도 3개 노선에 전기버스를 투입할 계획이다_x000D_하이거가 제작한 6514번(양천공영차고지~서울대) 10대는 다음달 5~10일 운행을 시작한다_x000D_【서울=뉴시스】윤슬기 기자 = 서울시가 도원교통과 15일 서울 정릉차고지에서 전기버스 시승식을 진행했다_x000D_【서울=뉴시스】윤슬기 기자 = 서울시가 도원교통과 15일 서울 정릉차고지에서 전기버스 시승식을 진행했다_x000D_"
37,"정부의 수소 시내버스 시범사업 예산을 심사하고 있는 국회 환경노동위원회가 19일 예산소위를 열고 관련 예산 증액을 의결하면서다_x000D_부산은 시내버스 수가 2517대에 달해 수소버스 시범사업 대상 지역 6개 도시와 비교했을 때 서울 다음으로 버스가 많다_x000D_"
38,"김윤식 신협사회공헌재단 이사장은 “대전광역시에 본부를 두고 있는 금융협동조합으로서 대전의 장애인과 교통약자를 지원하게 돼 더욱 의미가 깊다”며 “신협은 앞으로도 장애인을 비롯한 사각지대에 놓인 사회적 약자를 돌보는 다양한 사회공헌 활동을 지속적으로 펼쳐나갈 것”이라고 전했다_x000D_앞서 신협은 지난 4월 10일 부산성의신협이 부산진구 노인장애인복지관에 2억 5000만원 상당의 저상버스 1대를 기증한 것을 시작으로 장애인을 비롯한 노인, 임산부 등 교통약자의 이동권 향상을 위한 사업을 추진해왔다_x000D_신협사회공헌재단은 앞으로도 더불어 사는 공동체를 만들기 위해 일자리, 아동, 취약계층 등 다양한 분야에서 공익사업을 더욱 확대할 예정이라고 밝혔다_x000D_"
39,"오는 30일부터 오송역~청주공항 구간 6대 투입[서울신문]충북 첫 친환경 전기시내버스가 오는 30일부터 청주지역에 다닌다_x000D_총 6대가 오송역에서 청주공항 구간을 운행하는 747번 급행버스 노선에 투입된다_x000D_오는 30일부터 청주 오송역~청주공항 구간을 운행하는 전기시내버스한 노선에 집중투입하는 것은 오송역에 전기충전소가 설치돼 있어서다_x000D_청주 남인우 기자 niw7263@seoul_x000D_"
40,"[한겨레] 2021년까지 50% 목표…현재 34% 도달부산·인천·광주·대전·울산보다 비율 높아버스바닥 높이가 낮고 출입구에 계단을 없애 교통약자들이 편리하게 이용할 수 있는 저상버스가 올해중으로 대구에서 92대나 늘어난다_x000D_대구시는 5일 “2004년 저상버스 2대를 들여온 뒤 해마다 꾸준히 늘려 2017년말 전체 시내버스 1521대 가운데 저상버스는 518대인 것으로 집계됐다”고 밝혔다_x000D_"
41,"에디슨모터스 함양 생산공장에 출고 대기 중인 전기버스_x000D_전국에 전기버스 5대 미만 규모로 시범 운행 중인 버스사업장은 10여 곳에 이르지만, 실제 노선에 전기버스를 대량으로 투입한 건 손에 꼽힌다_x000D_조세현 사장 에디슨모터스 사장은 “국내 전기버스를 시범운행 중인 곳은 많지만, 정규 노선에 대량 공급 실적에선 가장 앞선다”며 “전기버스 운행에 따른 사업성이 점차 알려지면서, 서울·경기 등에도 다수의 업체와 공급 논의가 진행 중”이라고 말했다_x000D_"
42,"20일 개통한 부산 벡스코 인근 올림픽교차로 환승센터 내 시내버스 U턴 구간이 좁아 버스가 제대로 U턴을 하지 못하는 바람에 버스들이 장사진을 이루고 있다_x000D_버스 기사들은 두세 번에 걸쳐 전진과 후진을 반복한 뒤에야 U턴 구간을 힘겹게 빠져나올 수 있었다_x000D_실제 개통한 뒤 3시간여 만인 오전 8시께 한 시내버스가 후진하다 가드레일을 들이받아 후미등이 깨지는 사고가 발생했다_x000D_한 시내버스 기사는 ""U턴 구간을 한 번에 돌아 나오는 것은 도저히 불가능하다""며 ""버스가 갑자기 후진을 해야 하다 보니 승객들 역시 당황스러울 수밖에 없다""고 말했다_x000D_"
43,"(사진=저작권자(c) 연합뉴스, 무단 전재-재배포 금지)    국가인권위원회가 휠체어 사용 장애인의 시외 이동권 보장을 위해 고속·시외버스에 휠체어 승강설비 설치 등 필요한 대책을 마련하라고 한 권고에 대해 국토교통부와 기획재정부가 수용 입장을 밝혔다_x000D_"
44,"[한겨레] Weconomy | 오토 라이프※ 누르면 이미지가 확대됩니다_x000D_양산시는 연말까지 전기버스 3대를 일반 노선에 투입하는 것을 시작으로 앞으로 5년 동안 시내버스 199대 가운데 30%인 60대를 전기버스로 대체할 예정이라고 밝혔다_x000D_일부 지자체는 대기질 개선을 위해 노선버스를 모두 전기버스로 교체할 계획이어서 업체 간 공급 경쟁이 한층 뜨거워질 전망이다_x000D_지자체들 앞다퉈 도입 열기 “대기질 개선에 연료비 절감 기대” 128대 운행중···올해 갑절 이상 늘듯 제주 이미 120대에 올해 100대 더 부산·서울도 ‘전기버스로 교체’ 나서국내 선발 현대차 양산체제로 27석 대형버스 최근 부산에 20대 1회 72분 충전하면 319㎞ ‘거뜬’중국 업체 가세로 경쟁 달아올라 비야디, 15인석 중형 20대 제주에 포톤은 강릉에 100대 공급 계약정부·지자체 보조금 덕 가격 경쟁력 무거운 배터리·긴 충전시간은 숙제 4일 자동차 업계와 지자체의 전기버스 생산·보급 계획을 보면, 걸음마 단계에 머물러온 국내 전기버스 시장이 올해부터 지자체와 버스운수업체의 수요 증가로 생산과 공급이 크게 늘어날 전망이다_x000D_이에 따라 제주, 서울, 부산은 전기버스 시장의 최대 격전지로 떠오를 전망이다_x000D_부산의 시내버스 회사인 동남여객과 대진여객은 지난해 말 현대차 대형 전기버스 ‘일렉시티’를 각각 10대 구입해 운행에 들어갔다_x000D_국내 보급 중인 전기버스 브랜드는 현대차를 비롯해 우진산전, 비야디, 자일대우버스, 에디슨모터스, 포톤 등 7개 정도가 꼽힌다_x000D_국내 전기버스 시장은 현대차가 본격적으로 나서고 중국 업체들이 진출하면서 분위기가 크게 바뀌었다_x000D_앞서 강릉시는 평창겨울올림픽에 맞춰 지난해 12월부터 일부 노선버스를 중심으로 전기버스 운행을 시작했다_x000D_중국 광둥성 선전시는 지난해 시내버스 1만6천여대를 모두 전기버스로 교체했다_x000D_정부와 지자체의 육성 정책에 힘입어 중국 전기버스 시장은 지난해 9만대 가까이 커졌다_x000D_정보서비스 업체인 블룸버그 뉴에너지 파이낸스(BNEF)는 최근 보고서에서 “세계 전기버스 시장이 지난해 38만대 수준에서 2025년 120만대로 성장할 것”이라고 전망했다_x000D_"
45,
46,"부산진구 노인장애인복지관은 부산지역 복지관에서 유일하게 교통약자의 이동권 보장과 교통편의를 위해 2012년 1월부터 '해피버스'라는 이름을 붙인 저상버스 2대를 운행하고 있다_x000D_그 결과 부산성의신협이 부산진구 노약자들의 이동권 보장을 위해 부산진구 노인장애인복지관에 2억 5천만 원 상당의 저상버스를 흔쾌히 기증했다_x000D_"
47,"버스 이용률을 높이려면 버스가 안전하고 친절한 교통수단이라는 인식을 심어줘야 한다_x000D_버스 이용률을 높이기 위해서는 대중교통 무료환승제나 중앙버스전용차로제(BRT) 도입 같은 인프라 구축에서 한발 더 나아가 버스가 안전하고 친절한 교통수단이라는 인식을 시민들에게 심어줘야 한다_x000D_시내 주요 정류장 곳곳에 정차면을 추가·정비해 버스업체와 함께 '정차면 준수' 캠페인을 진행하고 있다_x000D_9점으로 소폭 증가에 그쳐, 시민의 사랑을 받는 버스로 자리매김하기에는 여전히 갈 길이 멀다_x000D_"
48,"2%)을 차지했으며, 어린이, 영유아동반자, 장애인, 임산부 순으로 높았다_x000D_* 교통약자: 장애인, 고령자, 임산부, 영유아를 동반한 사람, 어린이 등 일상생활에서 이동에 불편을 느끼는 사람(교통약자법 제2조 제1호)실태 조사결과, 교통약자의 외출 빈도는 교통약자 유형에 따라 차이가 있었으며, 대체로 일반인보다 낮은 수준인 것으로 나타났다_x000D_1%로 나타나 지역 내 외출과 지역 간 외출 빈도 차이는 장애인이 가장 큰 것으로 나타났다_x000D_4%)의 빈도가 높았고, 장애인은 버스(24_x000D_7%) 순으로 나타났다_x000D_교통수단, 여객시설, 도로(보행환경)를 대상으로 한 이동편의시설의 기준적합 설치율은 8대 특별·광역시 평균 78_x000D_2%p 증가하여, 개선되고 있는 것으로 나타났다_x000D_4%)의 기준적합 설치율은 크게 증가되었으며 항공기(98_x000D_여객선의 경우, 점진적인 시설개선과 함께 2016년 이후 신규선박의 도입에 따른 증가로 판단되며, 여객선터미널은 부산연안여객터미널의 구 부산국제여객터미널로의 이전 및 리모델링 등에 따라 기준적합 설치율이 증가한 것으로 나타났다_x000D_항공기는 전년에 비해 휠체어 보관함 설치 여부, 운항정보 제공을 위한 영상설비(모니터) 구비 여부 등으로 평가기준을 구체화함에 따라 해당 시설을 확보하지 못한 저비용항공사를 중심으로 기준적합 설치율이 하락한 것으로 나타났다_x000D_* 평가기준 구체화: 휠체어 보관장소 마련 → 휠체어 보관함 설치교통약자에 대한 운항정보 제공 → 영상·음성설비 구비또한 지난 1년간 여객시설 및 교통수단을 이용한 경험이 있는 일반인과 교통약자(총 1,506명)를 대상으로 이동편의시설에 대한 이용자 만족도를 조사한 결과, 이동편의시설에 대한 종합 만족도는 전년 대비 11_x000D_1%)가 가장 낮은 것으로 나타났다_x000D_한편, 교통약자를 위한 이동편의시설의 기준적합률, 저상버스와 특별교통수단 보급률, 교통약자 관련 사고, 교통복지행정 수준 등 9개 교통복지지표를 토대로 지자체별 교통복지수준을 평가한 결과, 8대 특별·광역시 중 교통약자들의 이동이 가장 편리한 곳은 서울특별시(1위)인 것으로 나타났다_x000D_반면, 울산광역시(8위), 세종특별자치시(7위), 대전광역시(6위)는 낮은 순위를 보이는 것으로 나타났다_x000D_"
49,"만트럭버스코리아, ‘버스 안전사양 시승회 2018’ 개최막스 버거 만트럭버스코리아 사장이 20일 오전 경기도 김포시 한국타임즈항공에서 열린 ‘만트럭버스코리아 버스 안전사양 시승회 2018’에서 제품 설명을 하고 있다_x000D_만트럭버스코리아는 20일 오전 경기도 김포시 한국타임즈항공에서 ‘만트럭버스코리아 버스 안전사양 시승회 2018’을 개최하고 이같이 밝혔다_x000D_만트럭버스코리아는 지난해 3월 서울모터쇼에서 아시아 최초로 천연가스 저상버스를 공개하며 국내 버스 시장에서 본격적인 행보에 나선데 이어 2층 버스와 천장 개방형 단층 버스 등 총 3종의 제품군을 완성했다_x000D_만트럭버스코리아는 20일, 21일 양일간 경기도 김포시 한국타임즈항공에서 ‘만트럭버스코리아 버스 안전사양 시승회 2018’을 개최하고, 정부 관계자, 유관 기업 및 만 고객 200여명에게 만 버스의 첨단안전장치를 직접 선보인다_x000D_"
50,"비상 자동제동 장치 체험은 300m 직선 코스에서 주행 중인 버스가 전방 장애물을 인지해 스스로 멈추는 성능을 확인할 수 있는 프로그램이다_x000D_위급한 상황에서 자동제동 성능을 확인할 수 있는 프로그램으로 회사 측에 따르면 해당 기능은 시속 80km 속도에서도 3m 간격을 확보해 긴급제동이 가능하다_x000D_실제로 80km/h 속도에서 이뤄지는 자동제동 성능을 체험하고 싶었지만 장소가 협소해 시연은 불가능했다_x000D_차체 제어 및 전복방지 시스템 체험 프로그램은 버스의 안정감 있는 선회 능력과 코너링 성능을 확인할 수 있도록 구성됐다_x000D_가속 페달을 끝까지 밟은 상태에서 스티어링 휠을 급격히 돌렸지만 ESP와 자동제동 기능이 즉각 개입해 차체 중심을 안정적으로 유지하는 모습이 인상적이었다_x000D_만트럭버스 관계자는 “전고가 높은 2층 버스라 전복되기 쉬울 것 같지만 실제로 이 모델을 전복시킬 수 있는 방법은 사실상 없다”며 “바퀴 6개가 각기 제어돼 차체 중심을 안정적으로 유지하며 자동으로 개입하는 비상 제동 기능도 안전한 주행을 돕는다”고 설명했다_x000D_4km 구간에서 테스트가 이뤄졌다_x000D_"
51,"청년의회는 서울에 거주하는 청년들이 자신의 삶을 바꾸기 위한 정책 제안의 공간이다_x000D_그동안 서울지역 청년들은 청년의회를 통해 활동공간이나 청년수당 그리고 주거와 일자리 정책 등을 제안했다_x000D_규칙적이지 않은 배차 시스템, 마지막 저상버스를 놓칠 경우 일반버스 접근 불가, 장애인 승차 의사표시(알림시스템) 등 꼼꼼히 살피지 않으면 체념하기 쉬운 내용들이다_x000D_이러한 정책을 만들기 위해 13개 분과별로 4개월 동안 80여차례 회의를 했다고 한다_x000D_나이와 서열의 권위주의, 사회적 약자에 대한 차별과 배제, 다양성을 존중하지 않는 획일성은 서울의 2030청년들이 가치관 갈등으로 꼽은 세 가지다_x000D_이런 현실을 반영하듯 청년들은 앞으로 인권, 다양성, 탈권위, 공정, 성평등, 신뢰, 안전, 환경들을 우리 사회가 핵심적 가치로 추구해야 할 의제로 꼽았다_x000D_특히 서울시 각종 조례 위원회에 청년들이 15%까지 참여하도록 한 것은 세대 불균형을 맞추기 위한 노력이다_x000D_그러나 청년들은 하나같이 행정조직의 느림을 지적한다_x000D_청년의 삶은 청년들이 가장 잘 알기에 의미 있는 정책들을 기대해본다_x000D_"
52,"서은숙 부산진구청장은 ""협약을 계기로 그랜드코리아레저의 사회공헌 활동이 더욱 활발하게 전개되어 어려운 분들에게 도움이 되기를 희망한다""고 말했다_x000D_"
53,"""여성 장애인, 남성 기사 몸 닿으면서…"" 불만토로 장치승하강에 10여분, 휴게소 이용시간 논의 '아직''휠체어 탑승가능 고속버스' 시범사업 첫날인 28일 오전 서울 서초구 반포동 강남고속버스터미널 경부선 강릉행 버스에 장애인 2명이 처음 승차하고 있다_x000D_""한마디 한마디 신중하게 입을 뗀 문경희씨(49·세종장애인인권연대 대표)는 '휠체어 탑승가능 고속버스' 1호 승객이 됐다_x000D_28일 낮 12시6분 승차권 확인으로 시작된 고속버스 휠체어탑승 시범운영은 약 18분 동안 준비를 마친 뒤 12시24분쯤 버스가 승강장을 떠나면서 마무리됐다_x000D_현장에서는 취재진과 국토부 관계자, 버스회사 직원이 드나들면서 문을 열어줬지만 한 휠체어 이용 장애인은 ""자동으로 열릴 수 있게 하면 안되겠냐""고 현장에서 개선점을 제안했다_x000D_1, 2호 승객에 앞서 휠체어 승강장치를 체험한 전국장애인차별철폐연대(전장연) 관계자는 ""(여성장애인과 남성기사 신체접촉에) 불만이고, 안전장치를 쉽게 할 수 있도록 만들면 좋겠다""고 강조했다_x000D_단체는 ""향후 5년 이내에 전국 고속버스의 50%를 휠체어 탑승가능한 고속버스로 도입할 것""도 촉구했다_x000D_아울러 Δ시내버스 대·폐차 때 저상버스 도입 의무화 Δ교통약자법에 휠체어탑승 가능 고속버스 50% 도입 명시 Δ광역이동지원센터 설치 및 운영비 지원 Δ장애등급제 폐지에 따른 장애인 이동권 기준 마련도 함께 주문했다_x000D_"
54,"부산시는 28일부터 버스 내 극심한 혼잡이 발생하는 노선에 초대형 시내버스 3대를 투입해 운영한다고 이날 밝혔다_x000D_초대형 시내버스는 20번(용호동~서면)과 24번(용호동~서면), 27번(용호동~충무동) 노선에 각 1대 씩 운행된다_x000D_부산시가 출퇴근 시간대에 승객들이 많은 3개 버스 노선에 출입문이 3개 달린 저상버스 3대를 투입해 28일 본격 운행에 들어갔다_x000D_이재찬 기자 chan@부산시 관계자는 ""초대형 시내버스가 투입된 구간은 도시철도가 다니지 않아 출퇴근 시간과 등하굣길에 버스 내 혼잡이 극심했다""며 ""한 번에 탈 수 있는 인원과 출입문이 늘어 이용객의 불편함을 덜 수 있을 것""이라고 기대했다_x000D_"
55,"3개월간 서울∼부산·강릉·전주·당진 노선 운행…""보완할 점 적지 않아""전국장애인차별철폐연대, 고속버스 휠체어 탑승 시범운영 맞아 기자회견(서울=연합뉴스) 정성조 기자 = 고속버스 휠체어 탑승 시범운영 첫날인 28일 오전 전국장애인차별철폐연대(전장연)는 서울 서초구 고속버스터미널 앞 광장에서 기자회견을 열었다_x000D_28(서울=연합뉴스) 정성조 기자 = ""철도가 없는 제 고향에 가기 위해서는 고속버스가 유일한 교통수단이지만, 저는 아직 고속버스를 타고 한 번도 내려가 본 적이 없습니다_x000D_""    전국장애인차별철폐연대(전장연)는 휠체어 탑승 고속버스가 시범운영에 들어간 28일 서울 서초구 고속버스터미널 앞 광장에서 기자회견을 열었다_x000D_"
56,
57,"3개월 시범운행 후 확대될 듯   ▲  지난 5월 열린 국토교통기술대전에 전시된 휠체어가 탑승 가능한 고속버스 표준모델의 리프트를 관계자가 시연을 보이고 있다_x000D_긴 승하차시간, '휴게소 호두과자' 어렵다   ▲  고속도로 환승휴게소인 정안알밤 휴게소(논산방향)에 휠체어 승하차가 가능한 고속버스 승차장이 마련되어 있다_x000D_또한 전체 고속버스 2천여 대, 전체 시외버스 7천여 대 중 단 10대의 버스에만 시범적으로 휠체어 고속버스가 운행되는데다가, 장애인의 승하차 여건이 마련되지 않은 터미널이 많아 모든 터미널, 모든 노선으로 확대되기에는 일정 기간이 필요하다는 점도 아쉬운 점이다_x000D_휠체어 리프트, 고정장치 등을 사용할 줄 아는 기사가 탑승해야 한다는 이유인데, 이는 저상버스 보급률이 높아지듯 휠체어 탑승 가능한 고속버스 수가 증가되어 상시 운행에 이르러야 개선될 것으로 보인다_x000D_휠체어 이용이 가능한 고속버스 역시 올해를 시작으로 비율이 점차적으로 늘어나 터미널에서 쉽게 만날 수 있었으면 한다_x000D_"
58,"해제 후 해안 절경 즐기는 명품 산책길 탄생식민지 시절 구리광산 등 아픈 역사 흔적도2022년 트램 도입으로 도시재생 효과 기대부산 남구 이기대 해안길 중 동생말에서는 광안대교와 해운대 마린시트를 한 눈에 바라볼 수 있다_x000D_부산=전혜원 기자지난 22일 오후 부산 남구 용호동 이기대 해안길_x000D_"
59,"국내 첫 휠체어 탑승 고속버스!버스 업체 10곳이 각 1대씩 만들었는데, 버스 1대에 휠체어 2대를 실을 수 있습니다_x000D_YTN 김현우[hmwy12@ytn_x000D_"
60,"시행된 지 13년 만에, 휠체어를 탄 사람들도 고속버스를 이용할 수 있게 됐습니다_x000D_""] 장애인 단체들은 앞으로 5년 안에 휠체어 탑승 가능 고속버스를 50% 까지 늘리고, 일반 시외버스, 마을버스의 저상버스 비율도 현재의 23%에서 대폭 늘려줄 것을 촉구했습니다_x000D_민정희 기자 (jj@kbs_x000D_"
61,"국토교통부는 휠체어 탑승 설비를 장착한 고속버스 20대를 현장에 투입해 28일부터 약 3개월 동안 시범운행한다고 17일 밝혔다_x000D_현재 시내버스는 휠체어가 탑승할 수 있는 저상버스가 많이 보급돼 있지만, 시외버스와 고속버스 등은 입석이 없는 좌석제이고 장거리 운행을 주로 해 휠체어를 타고 버스를 이용할 경우 휠체어를 짐칸에 실어야 했다_x000D_휠체어 탑승 가능 고속·시외버스 시승회(서울=연합뉴스) 임헌정 기자 = 19일 서울 종로구 광화문 광장에서 열린 휠체어 탑승이 가능한 고속·시외버스 시승회에서 한 장애인이 탑승 체험을 하고 있다_x000D_내년부터 장애인도 휠체어 타고 고속버스 탈 수 있어요(서울=연합뉴스) 임헌정 기자 = 19일 서울 종로구 광화문 광장에서 열린 휠체어 탑승이 가능한 고속·시외버스 시승회에서 한 장애인이 탑승 체험을 하고 있다_x000D_"
62,"전장연 ""내년 예산증액 없어…구체적 로드맵 있어야""오늘부터 3개월간 서울·부산·강릉·당진 시범운행전국장애인차별철폐연대가 28일 오후 서울 서초구 반포동 강남고속버스터미널 경부선 광장에서 정부의 '제3차 교통약자 이동편의증진계획' 아래 추진 중인 '휠체어 탑승가능 고속버스' 시범사업을 반기면서 ""교통약자법 가치를 예산 문제로 훼손하지 말라＂고 기자회견을 열고 있다_x000D_28/뉴스1 © News1 황덕현 기자(서울=뉴스1) 황덕현 기자 = 전국장애인차별철폐연대(전장연)가 정부의 '제3차 교통약자 이동편의증진계획' 아래 추진 중인 '휠체어 탑승가능 고속버스' 시범사업에 환영하면서도 기획재정부에 ""교통약자법 가치를 예산 문제로 훼손하지 말라""고 주장했다_x000D_"
63,"대구시는 이번 평가에서 대중교통 서비스 부문 중 대중교통 서비스 향상, 대중교통 안전성 제고, 대중교통 쾌적성 향상, 교통약자 및 소외지역 편의증진 등 4개 지표에서 1위를 차지했다_x000D_또 대중교통 행정 및 정책지원 부문 중 계획수립, 교통수요관리 노력, 대중교통 우수시책 발굴 부문에서도 1위를 차지했다_x000D_그 동안 대중교통 시책평가에서 대구시는 7개 특·광역시중 2007년 2위 외에는 대부분 4~5위를 차지했지만 지난 2년간 ‘친절기사를 찾아라’ 등 다양한 대중교통 시책을 추진해 국토교통부로부터 좋은 평가를 받은 것으로 대구시는 분석했다_x000D_"
64,"장애인 의무고용률을 높이고, 활동지원 급여를 시비로 추가 지원한다_x000D_장애인의 자립과 사회참여를 높이고, 가족의 돌봄 부담을 줄이기 위해 중증장애인 24시간 활동보조지원을 하고 장애인활동지원 시비 추가사업을 대상자별 월 20~120시간에서 월 최대 330시간까지로 늘린다_x000D_저소득 장애인의 생활안정을 위해선 오는 4월부터 장애인연금 급여액을 최고 33만원에서 38만원으로 인상한다_x000D_이와 함께 시는 올해부터 지역 장애인 등 교통약자들이 스마트폰으로 저상버스를 이용할 수 있도록 예약서비스를 제공한다_x000D_"
65,"【부산=뉴시스】 하경민 기자 = 그랜드코리아레저(GKL)는 30일 부산 부산진구종합사회복지관에서 설을 맞아 지역의 홀로 어르신 300명을 초청, 산양삼을 더한 건강 산삼 떡국과 각종 전 등으로 구성된 설 음식을 대접했다고 밝혔다_x000D_GKL 유태열 사장은 ""설을 맞아 부산지역 홀로 어르신들의 무병장수를 기원하기 위해 이번 행사는 마련했다""며 ""앞으로도 지역사회와의 상생을 통해 소외 받는 이웃이 없도록 공공기관으로서의 사회적 책임을 다하는데 아낌없는 지원을 하겠다""고 밝혔다_x000D_"
66,"16일 업계에 따르면 에디슨모터스와 수원여객은 최근 100대 규모의 전기버스 공급에 합의하고, 우선 초도물량 10대 공급계약을 체결했다_x000D_에디슨모터스 전기버스 e-화이버드_x000D_국내 단일 운수업체로 가장 많은 전기버스 보유 물량이다_x000D_에디슨모터스가 공급하는 전기버스 'e화이버드(e-Fibird)'는 저상용 버스로 제작됐다_x000D_수원여객은 환경부 전기버스 보조금(1억원)과 국토부 저상버스 보조금(1억원)에다, 수원시의 추가 보조금(5000~6000만원)까지 합쳐 1억원대에 구매하게 된다_x000D_"
67,"저상버스[연합뉴스 자료사진](부산=연합뉴스) 김상현 기자 = 올해부터 부산지역 장애인 등 교통약자는 스마트폰으로 예약해 저상버스를 이용할 수 있게 된다_x000D_부산시는 올해부터 교통약자 이동 편의를 위해 '저상버스 예약 시스템' 서비스를 제공한다고 2일 밝혔다_x000D_"
68,"4%로 상향 등 올해부터 장애인 복지 시책 확대장애인연금 급여액 4월부터 인상… 발달장애 학생에 돌봄바우처 지급저상버스 앱을 통해 서비스 이용 문자 연락을 받은 시내버스 운전사가 휠체어를 탄 장애인 교통약자에게 탑승 서비스를 시행하고 있다_x000D_부산시 제공부산시는 올해 장애인 복지 시책을 확대해 ‘시민 모두가 행복한 도시 부산’ 만들기에 힘을 쏟는다_x000D_먼저 이달부터 장애인 의무고용률을 높인다_x000D_장애인 청년에게 적합한 일자리를 제공하기 위해 인턴 및 현장매니저 지원사업과 맞춤형 피트니스 전문가 양성 과정도 운영한다_x000D_3월부터 성인 발달장애인을 대상으로 주간활동 서비스를 월 40시간에서 88시간으로 늘린다_x000D_이로 인해 장애인이 장애심사를 다시 받거나 장애인 등록증을 새로 발급받을 필요는 없다_x000D_장애인 등 교통약자의 이동권을 보장하기 위해 1일부터 승하차 이용이 쉬운 ‘저상버스 예약 시스템’도 운영한다_x000D_"
69,"국내엔 아직 휠체어 탑승가능한 시외·고속버스 없어십수년째 아버지 납골당 찾지 못하는 안타까운 사연도교통약자법 개정…국토부 휠체어 탑승 버스 개발중장애인들 ""운송사업자 도입 의무조항 없어 걱정""지난달 31일 오후 서울 용산역에서 인터뷰 중인 뇌병변 1급 장애인 이흥호(49)씨_x000D_(사진=신중섭 기자)[이데일리 신중섭 기자] “내년 설날엔 저도 편하게 버스를 타고 고향에 갈 수 있을까요?”부산에 살고있는 뇌병변 1급 장애인 이흥호(49) 씨가 설 연휴에 고향 세종시 조치원으로 갈 수 있는 방법은 기차밖에 없다_x000D_설 명절 연휴를 하루 앞둔 1일 오전 서울 서초구 서울고속버스터미널 승강장에서 국토교통부의 휠체어 탑승 가능 고속버스 시승 행사에 참여한 장애인이 휠체어에 탄 채 리프트를 이용해 버스에 탑승해 안전 장치를 고정하고 있다_x000D_2014년부터 시작된 투쟁 끝에 지난 2017년 9월 추석, 김현미 국토교통부 장관은 ‘장애인 이동권 민관협의체 구성’을 약속했고 지난해 1월 장거리 버스에 휠체어 탑승 시설을 설치할 근거가 추가된 ‘교통약자의 이동편의 증진법’ 개정안이 국회 본회의를 통과했다_x000D_국토부는 지난해 휠체어 사용자가 이용 가능한 고속·시외버스 도입을 위해 지난 2017년 4월부터 올해 9월까지 ‘휠체어 탑승설비 장착 고속·시외버스 표준모델 및 운영기술’을 개발한다고 밝혔다_x000D_또, 통과된 교통약자법 개정안도 운송사업자가 휠체어 탑승설비를 버스에 설치해야만 한다는 의무조항을 담고 있지 않아 사업자들이 자발적으로 버스를 도입할 가능성은 낮을 것이라는 지적도 있다_x000D_"
70,"국토부 저상버스 보급 계획 확정부산 88대 중 45대 전기·수소차특히 올해부터는 전기·수소버스 구매를 유도하기 위해 전기·수소버스 구매시 환경부의 친환경 보조금 1억 원과 함께 1억 9000만 원을 지원한다_x000D_또 전기·수소 저상버스 수요(354대)를 우선 배정하고 압축천연가스(CNG)·디젤 버스는 나머지 예산 범위 내에서 배정했다_x000D_"
71,"그것을 ‘W’라고 칭한다] 제삼열, 윤현희 부부[스포츠서울 배우근 기자] 볼 수 없는 남편과 걷지 못하는 아내의 위태롭고 짜릿한 유럽여행_x000D_두 사람은 여행을 좋아한다_x000D_제삼열, 윤현희 부부의 여행은 시작부터 다르다_x000D_◇유럽의 소리앞이 보이지 않는 제삼열 교사는 소리 못지 않게 냄새가 인상적이라고 했다_x000D_그런데 소리만큼 냄새가 이색적이었어요_x000D_서울도 큰 불편은 없는데, 보도블록을 보면 올라가는 경사면은 있는데 내려가는 곳이 없는 경우가 간혹 있어요_x000D_그런데 유럽에선 아예 기사님이 버스 시동을 꺼요_x000D_스크린도어 덕분에 많은 시각장애인들이 지하철을 편하게 이용하고 있어요_x000D_큰 건물이나 공공기관엔 장애인 화장실도 다 있어요_x000D_◇볼 수 없는 남편과 걸을 수 없는 아내의 여행1만 5000㎞를 날아 런던 히드로 공항에 도착하자마자 받은 도움의 손길_x000D_휠체어에 탄 윤현희씨는 모니터가 보이지 않았지만, 그녀의 도움으로 무사히 카드 발급과 충전까지 마칠 수 있었다_x000D_한국에선 많은 사람들이 이들 부부를 향해 “몸도 불편한 사람끼리 무슨 결혼”이라며 우려를 표시했다_x000D_그러나 히드로 공항에서 만난 그녀는 편견없이 이들을 축하했다_x000D_그녀의 들뜬 반응에서 서로 말은 잘 통하지 않았지만, 부부는 진심을 느꼈다_x000D_◇W, 서로에게 꼭 필요한 존재세상엔 많은 사람들이 있다_x000D_제삼열, 윤현희 두 사람은 많은 사람들 중에서 운명처럼 만나 사랑하고 부부의 연을 맺었다_x000D_그래서 부부는 말한다_x000D_하지만 우리 부부는 말도 통하지 않는 곳에서 함께 여행하며 느꼈어요_x000D_”“한국에선 부모, 친구가 있어 도움을 청할 수 있어요_x000D_그러나 유럽에선 오롯이 둘만 있었어요_x000D_불편한 몸이지만, 두 사람은 하나가 되어 여행을 계속하고 있다_x000D_제삼열, 윤현희 부부는 장애 1급이지만, 사랑과 행복도 1급이다_x000D_com]  Copyright ⓒ 스포츠서울&sportsseoul_x000D_"
72,"대구시는 4일 “오는 25일 새벽 5시30부터 전기 시내버스 10대가 운행을 시작한다_x000D_이를위해 18∼22일 대구시내 일부 구간에서 시범운행할 예정이라”고 밝혔다_x000D_전기시내버스가 다니는 대구시내 구간은 성서산단∼영대병원∼대구역∼서변동을 오가는 503번과 동명∼만평역∼건들바위∼대덕맨션을 운행하는 730번 노선이다_x000D_"
73,"횡단보도에는 음향신호기·투광기 설치 저상버스[국토교통부 제공](부산=연합뉴스) 박창수 기자 = 부산시가 장애인이나 노인 등 교통약자 이동권을 보장하기 위해 두리발과 저상버스를 확대하기로 했다_x000D_시는 또 올해 81억원을 투입해 저상버스 88대를 증차하는 것을 시작으로 내년까지 총 357억원을 들여 357대를 추가로 늘릴 방침이다_x000D_늘어난 장애인 편의시설(CG)[연합뉴스TV 제공]    야간 가시거리를 높일 수 있는 횡단보도 투광기도 2022년까지 22억원을 들여 2천700여곳에 설치한다_x000D_"
74,"김두일 정책사회 선임기자토종 전기차 자존심 지키는 강영권 에디슨모터스 회장을 만나다중국차와 가격경쟁도 거뜬_x000D_세계에서 가장 튼튼한 모터 사용 자신마력수에서 1_x000D_에디슨차 강영권 회장은 지난 16일 본지와 인터뷰에서 전기시내버스 가격을 대당 3억6500만원(320㎾ 모터 204kwh 배터리 장착 전기저상버스를 9년 사용 후 반납 조건으로 2000만원 할인, 100대 구매계약 조건으로 1000만원 할인)대의 파격적 가격에 공급하겠다는 판매방침을 제시했다_x000D_에디슨차는 차체를 유리섬유와 카본섬유 결합재를 수지에 함침시킨 탄소섬유 강화 프리프레그 복합재를 135도 이상의 온도에서 성형해 제작한다_x000D_때문에 차체는 고강도, 고강성, 스틸 차체 대비 2_x000D_▲서울시내버스 운수업체인 도원교통과 서울승합은 에디슨 모터스(5대), 현대차(14대), 또 중국업체인 하이거(10) 이렇게 세 군데를 우선 협상대상자로 선정해 전기 시내버스를 시험운행하고 있다_x000D_종합적인 판정결과로 보면 에디슨차 전기시내버스를 시험운행하고 있는 서울승합은 (중국 하이거차나 현대차보다) 에디슨차의 연비가 7% 정도 좋게 나왔다고 전해듣고 있다_x000D_튼튼하고 가벼운 복합소재를 차체로 사용했기 때문에 당연한 결과다_x000D_▲저희 차는 지금 204㎾ 배터리, 320㎾ 모터를 달고 차체를 복합소재로 만든 차가 실제 가격은 3억9500만원 정도다_x000D_때문에 사실상 대당 가격은 3억5500만원이다_x000D_그렇지만 차를 구입할때 당장 할인해 달라면 이자 문제가 있으니까 2000만원을 할인해드릴 수 있다_x000D_서울시는 조만간 또 한차례 전기시내버스 100대 공급자 선정을 앞두고 있는데, 서울시가 앞으로 3년 동안 에디슨차 100대를 구매한다는 약정을 해준다면 이 같은 가격에 할인해드릴 생각이다_x000D_그렇지만 현재 운행 중인 하이거 차는 전기시내버스 내부는 8인이 앉을 수 있는 좌석 4개를 없애버려 내부가 너무 좁고 답답하다_x000D_우리차는 27석인데, 차 길이는 똑같이 11m지만 뒤에 배터리를 싣는 공간 때문에 차 내부는 9m밖에 안된다_x000D_이런 문제점 때문에 저희 차가 오히려 저렴하다_x000D_여기에 가볍고 튼튼한 복합소재를 쓰고 있어 우리 차하고는 비교가 안된다_x000D_앞에서 말한 복합소재, 카본파이버로 차를 만들기 때문에 가능한 거다_x000D_경쟁사는 자체가 금속소재이기 때문에 이런 디자인이 나올 수가 없다_x000D_"
75,"15일 국토교통부와 버스업계 등에 따르면 정부는 현재 서울 등 8개 지자체가 도입 중인 준공영제 대상 버스를 늘리는 방식으로 버스기사 처우를 개선하기로 했다_x000D_지자체가 관할하던 일반광역버스를 중앙정부가 직접 관할하고, 광역직행버스(M버스)를 포함한 지자체 관할 모든 광역버스에 대해 준공영제를 추진키로 했다_x000D_2004년부터 준공영제를 시행하고 있는 서울시는 기사의 노동조건 등 다방면에서 다른 지자체에 비해 앞서 있다는 평을 들어왔지만, 이를 유지하는 데는 수천억원 규모의 세금이 쓰이고 있다_x000D_한편 경기도는 14일 4종류의 시내버스 중 일반형 버스는 200원, 직행좌석형 버스(광역버스)는 400원 각각 요금을 인상하기로 했다고 발표했다_x000D_15일 전국 지자체에 따르면 서울시 버스 노사는 임금 3_x000D_6% 인상과 2021년까지 정년 만 61세에서 63세로 단계적 연장, 이달 만료되는 학자금 등 복지기금 5년 연장 등 조건에 합의했다_x000D_버스 회사가 적자를 내면 지자체 재정으로 보전해주는 준공영제를 운영하고 있는 서울시는 추가 예산 지원이 불가피하게 됐다_x000D_27% 각각 인상하고, 정년을 현 61세에서 63세로 연장하는 선에서 합의했다_x000D_울산 버스 노사 역시 이날 오전 임금을 7% 인상하되 올해 1월부터 소급적용하고 내년부터는 정년을 현 만 61세에서 63세로 연장하기로 했다_x000D_부산 시내버스 노사는 3% 임금 인상과 교대근무를, 창원은 임금 4% 인상과 함께 준공영제 시행 후 정년을 현행 60세에서 63세로 연장, 공휴일·학자금 지원 확대에 합의했다_x000D_"
76,"에디슨모터스 대표이사 강영권은 지난 16일 가진 본지 인터뷰에서 '11m 전기저상버스 가격을 대당 3억6500만원(320kW 모터 204kWh 배터리 장착 전기저상버스를 9년 사용 후 반납 조건으로 2000만원 할인, 100대 구매 계약 조건으로 1000만원 할인)대의 파격적인 가격으로 공급하겠다'는 판매방침을 제시했다_x000D_부식이 안되기 때문에 에디슨 모터스가 제작한 전기버스와 CNG버스는 제주, 부산, 인천 등 해안가 인근 운수업체들이 많이 선호하고 있는데, 에디슨 버스를 써본 서울시 부산시 인천시 수원시 제주도 등의 버스운수회사들로부터 호평을 받고 있으며, 써본 회사들은 계속 구매를 하고 있다_x000D_에디슨모터스 전기저상버스를 시험운행하고 있는 운수회사의 종합적인 평가를 전해들은 바에 따르면, '타사보다 에디슨모터스 전기버스 연비가 7% 정도 좋게 나온다'고 한다_x000D_복합소재로 만든 버스의 연비가 좋게 나오는 것은 당연하기 때문에, 저는 '더 좋은 전비 효율을 낼 수 있도록 더 연구해야 한다'고 연구소를 독려하고 있다_x000D_사소한 문제점들도 모두 개선시켜서 전체적으로 에디슨모터스의 전기저상버스 품질이 세계 최고 수준이라는 평가를 받을 수 있는 버스를 판매하고자 한다_x000D_3개 회사의 전기저상버스 29대를 6개월간 운영해 본 운수회사들과 서울시가 21일 전기저상버스 운행결과를 최종 평가하는 보고회를 갖는다고 하는데, '에디슨모터스 전기저상버스가 최고'라는 평가를 듣고 싶고, 들을 수 있도록 애프터서비스 및 사후관리를 위해 열심히 노력해 왔다_x000D_에디슨모터스는 앞으로 '소비자가 왕이라는 서비스 정신으로, 품질이 타사보다 월등하게 높은 전기저상버스를, 가격은 중국산 전기저상버스 수준으로 공급'할 예정이다_x000D_때문에 사실상 대당 가격은 3억5500만원으로 공급하는 셈이다_x000D_그렇지만 차를 구입할때 당장 할인해 달라고 하면, 이자 등을 고려해 2000만원을 할인해드리고, 100대를 한꺼번에 계약하거나 3년동안 100대를 사겠다고 약정하면 대당 1000만원씩을 더 할인해 드리기 때문에 1대당 3억6500만원에 공급하게 된다_x000D_서울시는 조만간 또 한차례 전기저상버스 100대 공급자 선정을 앞두고 있는데, 서울시가 앞으로 3년동안 에디슨모터스 전기버스나 CNG저상버스 100대를 동시에 구매한다는 약정(공동구매도 가능)을 해준다면 대당 1000만원씩을 할인해 드릴 생각이다_x000D_참고로 수원여객은 국내외 8개사 전기저상버스 를 각 7~10일간 품질테스트를 하고 가격과 AS 사후관리 서비스 등을 종합적으로 고려해 에디슨 전기저상버스를 선정했다고 한다_x000D_반면에 에디슨모터스 전기저상버스는 복합소재로 만들었고, 배터리나 모터가 월등히 뛰어나고, 내구성이 월등히 좋기 때문에 가성비가 높은 편이다_x000D_이런 문제점들을 고려하면 에디슨모터스 전기저상버스가 오히려 가성비가 높기 때문에 점점 구매가 늘어나는 추세다_x000D_에디슨모터스 전기저상버스는 320kW, 435마력이다_x000D_소비자 입장에서는 '고장이 잘 안나는 모터가 세계에서 제일 좋은 모터'라고 생각하실 것이므로, 애프터서비스 및 사후관리 비용 등을 고려해 채택했다_x000D_에디슨모터스 전기저상버스는 '곡선미가 뛰어나고 디자인이 좋다'는 평가를 받고 있다_x000D_그리고 디자인을 바꾸려면 금형을 자주 갈아줘야 하기 때문에 가격상승 요인이 발생한다_x000D_"
77,"올 상반기 당기순이익 전국서 2위작년 2억대 교통약자 저상버스 기부“경영 수익 지역사회 환원에 노력”이는 엄청난 인원이 몰리는 신입사원 모집 때도 쉽게 확인된다_x000D_윤 이사장은 “수익을 사용자인 조합원들에게 적극적으로 환원하는 다양한 정책들도 조합원 확대 등 발전의 원동력이 되고 있다”고 밝혔다_x000D_시중은행에선 쉽게 흉내 낼 수 없을 정도로 예금상품 금리는 높게, 가계 대출상품 금리는 시중은행 못지않게 낮게 설계해 가계 경제에 도움이 되도록 하는 것뿐만 아니라, 정기예금 금리보다 훨씬 높은 3_x000D_매년 지역 중·고생 2000만 원 장학금 지급과 학교발전지원금 전달 뿐만 아니라 지난해엔 지역 내 교통약자의 교통 편의를 위해 부산진구노인장애인복지관에 2억 5000만 원 상당의 저상버스를 기부하기도 했다_x000D_윤 이사장은 “신협은 서민을 위한 지역금융회사로, 더불어 잘사는 사회를 만드는 것이 목표”라면서 “앞으로도 지역사회 발전을 위해 최선을 다하겠다”고 강조했다_x000D_"
78,"리프트 고장, 다른 승객들 눈총 등 장애인 이용 활성화 걸림돌저상버스 예약 시스템 등 장애인 불편 줄이는 대안 도입 주장""버스가 저를 못 보고 그냥 지나칠 때가 많아요_x000D_탑승 과정에서 발생하는 불편과 함께 일부 시민의 따가운 시선까지 더해지다 보니 이용을 꺼릴 수밖에 없는 실정이다_x000D_리프트가 고장난 버스가 오면 하염없이 다음 버스를 기다려야 한다_x000D_저상버스를 탈 때마다 느껴지는 따가운 시선은 장애인들이 대중교통을 이용하지 않는 주된 이유다_x000D_장애인들의 저상버스 이용률을 높이기 위해선 버스 탑승 과정에서 발생하는 불편을 최소화하는 게 급선무라고 주장한다_x000D_이들이 제안하는 가장 대표적인 대안은 '저상버스 예약 시스템'이다_x000D_"
79,"저상버스 이용에 따른 불편함에다 다른 승객의 눈치까지 보느라 이용을 꺼릴 수밖에 없는 분위기 탓이다_x000D_배차 간격 등 무엇보다 저상버스 이용에 따른 불편이 문제겠지만, 장애인의 더딘 승차 등에 따른 다른 승객의 부담스러운 시선을 지적할 만하다_x000D_저상버스를 타고 내리는 시간이 보통 3, 4분 걸리면서 다른 탑승객의 시선을 의식한 장애인들이 심리적 압박감 탓에 버스를 꺼릴 수밖에 없다_x000D_이제 저상버스 도입 16년이 흐른 만큼, 대구시는 보급 중심 정책의 장단점 점검에도 나설 시점이 됐다_x000D_"
80,"대한민국 1호 ‘무가선 저상트램’ 오륙도선도 내년 착공에 들어가 2023년 운영될 예정이다_x000D_부산시는 내년 중 수영강과 광안리해수욕장 일원에 수륙양용버스인 ‘해상시티투어버스’, 자갈치~센텀을 운항하는 해상버스와 해상택시를 도입할 계획이라고 30일 밝혔다_x000D_올해 초부터 진행 중인 ‘부산해상관광 교통수단 도입 타당성 및 실행계획 수립 연구 용역’에서 세 사업 모두 수익성 지수가 기준(1)을 넘긴 결과가 나온 데 따른 것이다_x000D_해운대 노선은 운영 3년 만에 초기 투자비용을 회수할 것으로 예상됐다_x000D_하지만 낙동강 노선은 수익성 지수가 0_x000D_자갈치와 센텀을 왕복하는 해상버스도 수익성 지수가 1_x000D_부산시와 남구청은 “국토교통부 대도시권 광역교통위원회가 오륙도선 저상트램 실증 노선 기본계획을 승인했다”고 밝혔다_x000D_국토부가 승인한 구간은 전체 오륙도선(부산도시철도 2호선 경성대·부경대역~용호동 오륙도 SK뷰 아파트) 5_x000D_오륙도선 저상트램 사업은 내년 착공에 들어가 2023년 준공될 예정이다_x000D_부산시는 지난해 12월 오륙도선 저상트램 기본계획(안)을 수립한 이후 주민공청회와 부산시의회 의견 청취 등을 거쳐 올 4월 국토부에 승인을 신청했다_x000D_"
81,"또 “감사원의 감사내용에 명시된 부산교통의 불법교차운행에 대해 합당한 행정처분을 하라”고 촉구했다_x000D_범대위는 또 “감사원의 감사내용에 명시된 부산교통의 불법교차운행에 대해 합당한 행정처분을 하라”고 요구했다_x000D_범대위는 “진주시에 부산교통의 불법교차운행에 대해 합당한 행정처분과함께 재정지원금으로 운행되는 시내버스 업체에 대해 그에 걸맞는 책임을 갖고 공정하고 합리적인 행정력을 발휘해라”고 밝혔다_x000D_"
82,"이경선 관장은 “코로나로 힘들어하는 중증장애인 분들에게 차창 밖 나들이의 기쁨을 줄 수 있어 행복하다_x000D_"
83,"수상 6km와 육상 17km 구간이다_x000D_부산시와 해운대구는 관광형 요트 ‘리버크루즈’가 지난 7일부터 수영강에서 운항에 들어갔다고 9일 밝혔다_x000D_부산시는 내년에 수영강과 광안리해수욕장 일원에 수륙양용버스인 ‘해상시티투어버스’, 자갈치~센텀을 운항하는 해상버스와 해상택시를 도입할 계획이다_x000D_부산시립미술관에서 출발하는 수륙양용버스는 요트경기장에서 입수해 수영2호교~수영교~좌수영교를 왕복한 뒤 육상으로 올라와 해운대 영화거리→광안대교→광안해변로→민락수변로를 거쳐 부산시립미술관으로 돌아온다_x000D_9㎞ 구간이다_x000D_"
84,"법 제정 15년 됐지만 여전히 '시외 고속버스' 타기 힘든 장애인들""이동권은 기본적인 권리…우리도 버스 타고 고향 가고 싶다""3개월 전부터 '휠체어 탑승 고속버스' 시범사업 시작했지만…""갈 길 멀어""노선 겨우 4개에 전국 9000여대 버스 중 10대 뿐…'3일 전 예약' 등 문제점 다수국토부 ""개선해야 할 점 수시 청취중…시범사업 올 연말까지 연장 계획""[CBS노컷뉴스 서민선 기자]15년_x000D_/사진=서민선 기자◇서른 살 교통사고로 휠체어 생활 시작…""25년 동안 고향 못가""""저는 25년 전 교통사고로 신경이 손상돼 손과 발을 움직일 수가 없습니다_x000D_제가 탈 수 있는 교통편이 없거든요""설 연휴 하루 전인 지난 23일 서울역에서 만난 한국장애인자립생활센터협의회 최용기 회장(55)은 명절 계획을 묻자 이같이 말했다_x000D_하지만 2001년 오이도역에서 장애인 승객이 리프트 추락사고로 사망하자, 적극적으로 이동권 투쟁에 뛰어들게 됐다_x000D_이동권 투쟁에 뛰어들게 된 계기""라고 말했다_x000D_/사진=고명진씨 제공◇올 설에는 '휠체어 탑승 고속버스' 시범사업 중이지만…""갈 길 멀어""최 회장을 포함한 장애인들의 끈질긴 투쟁 끝에 2005년 교통수단에 장애인과 같은 약자에 대한 차별이 없도록 하는 법이 제정됐다_x000D_국토교통부는 지난해 10월 28일부터 '휠체어 탑승 고속버스' 사업을 시범 운영 중이다_x000D_"
85,"지난 10월 28일부터 휠체어 탑승이 가능한 고속버스가 서울고속버스터미널에서 부산과 강릉으로, 서울 센트럴시티터미널에서 당진과 전주로 운행되며 장애인의 이동권 향상에 첫 발을 뗀 것이다_x000D_잠재수요에 비해 아쉬움 많아   ▲  휠체어를 탄 장애인의 승하차가 가능한 고속버스 플랫폼_x000D_ⓒ 박장식 장애인이 탑승할 수 있는 고속버스 노선 수는 모두 네 개_x000D_ⓒ 박장식 휠체어가 대응할 수 있는 고속버스나, 휠체어 이용이 가능한 철도 서비스 역시 수도권을 중심으로 몰려 있다는 지적이 나온다_x000D_이러한 문제의 해결을 위해서는 서울 외 지역의 터미널에 적극적으로 휠체어 대응 설비를 설치하는 한편, 시외버스에도 고속버스와 동일한 장애인 리프트 등을 설치하는 대안이 필요하다_x000D_조현수 정책실장은 ""아직 터미널 환경이 충분하지 못하고, 환승하는 데 어려움이 있어 국토교통부가 시외버스에 바로 도입을 하지 못하는 것으로 안다""라며, ""터미널 뿐만 아니라 중간정차지, 환승휴게소 등에서도 장애인이 타고 내릴 수 있도록 개선이 필요하다""고 덧붙였다_x000D_조현수 정책실장은 ""시내버스나 농어촌버스 등 대중교통에는 100% 저상버스가 도입되어야 한다""며, ""휠체어 장애인들이 터미널, 역에 도착한 뒤 버스를 타고 자신이 가고자 하는 목적지에 도달해야 하는데, 특히 농어촌 지역에는 저상버스가 미비한 것이 사실""이라 설명했다_x000D_""너무 늦게 시작되었지만, 지금이라도 본사업 되었으면""   ▲  휠체어 장애인의 탑승이 가능한 고속버스 차량의 모습_x000D_ⓒ 박장식 올해 장애인 대응 고속버스 사업에 배정된 예산은 13억 원으로 지난해와 같다_x000D_조 정책실장은 ""휠체어 고속버스 도입을 늦었지만 환영하지만 너무 늦게 시작한 점이 안타깝다""며, ""올해 하반기부터라도 예산을 확보하는 등 본사업으로 실시돼 예약에 어려움이 없이 탑승할 수 있도록 개선되기를 바란다""고 바람을 전했다_x000D_"
86,"관련 기업·지자체 잇단 참가 신청…""수소산업을 신성장 동력으로""[아이뉴스24 황금빛 기자] 수소 산업을 미래 성장 동력으로 추진하기 위해 세계에서 처음으로 한국에서 올 3월 수소와 모빌리티를 주제로 한 행사가 열린다_x000D_27일 수소모빌리티+쇼조직위원회(조직위)에 따르면 올 3월 열리는 '2020수소모빌리티+쇼'에 수소 에너지 관련 제품과 기술 등을 보유한 기업뿐 아니라 지자체의 참가 신청이 잇따르고 있다_x000D_이에 따라 수소연료전지 승용차, 수소트램, 수소 지게차 등 수소를 동력으로 한 제품과 기술도 한 자리에서 만날 수 있을 것으로 보인다_x000D_최근 잠수함용 수소연료전지 분야에서 '2019 세계일류상품'에 선정된 범한산업은 독일 지멘스에 이어 세계 두 번째로 개발한 잠수함용 수소연료전지를, 수소에너지 전문기업 가온셀은 인천국제공항에 도입될 예정인 메탄올 수소지게차를 이번 전시회에 출품할 것으로 기대된다_x000D_지난 9일 세계에서 처음으로 '수소경제 육성 및 수소 안전관리에 관한 법(수소법)'이 제정됨에 따라 국내 수소산업 생태계 조성과 인프라 구축의 주도권을 잡기 위해서다_x000D_경기도는 지난해 9월 '수소에너지전환을 통한 CO2·미세먼지 프리존 실현'이라는 비전을 발표, 수소에너지 생태계 구축을 목표로 도내 수소차 보급과 수소생산기지, 수소연료 전지발전소 확보에 적극 나서고 있다_x000D_조직위 관계자는 ""이번 행사는 세계 처음으로 개최되는 수소전문 모빌리티쇼로서 수소 산업을 우리나라의 신성장 동력으로 발전시키기 위해 추진된다""며 ""특히 수소와 전기차, 에너지 등 관련 업체들의 인지도 향상, 마케팅 강화, 관련 기업 간의 협력 확대 등의 역할을 충실히 수행할 것""이라고 말했다_x000D_"
87,"64% 제거하는 고성능 공기청정기로, 코로나19 감염 매개체인 비말(5㎛이상)을 비롯해 에어로졸(5㎛이하), 미세먼지(2_x000D_성현도 부산버스조합 이사장은 ""이번 시내버스 공기정화 방역필터 설치가 비말, 에어로졸, 미세먼지로부터 대중교통을 이용하는 부산 시민의 건강을 지키는 계기가 될 것""이라며 ""시민들이 더욱 안심하고 시내버스를 이용할 수 있기를 기대한다_x000D_한편, 부산시내버스 업계는 10일 서면역 일대에서 열리는 '대중교통 이용 캠페인'에서 코로나 생활방역 실천을 위해 마스크와 손소독제 1만개를 시민들께 나누어 드리는 캠페인을 전개한다_x000D_"
88,"18일 전국 저상버스 보급률이 28_x000D_4%인 것으로 집계되면서 정부의 내년도 저상버스 도입률 목표치인 42%에 크게 못 미치는 것으로 드러났다_x000D_4%)에 이어 두 번째로 높았던 대구시 저상버스 보급률은 올해는 3위로 내려앉았다_x000D_김희국 국민의힘(경북 군위·의성·청송·영덕군)의원이 18일 국토교통부로부터 제출받아 발표한 자료에 따르면 올해 7월 기준 전국 저상버스 보급률은 28_x000D_국토부 제3차 교통약자 이동 편의 증진계획에 따른 내년도 저상버스 도입률 목표치인 42%에 크게 못 미치는 수치다_x000D_김 의원이 발표한 국토부 자료에 따르면 대구시에서 운영 중인 저상버스는 올해 7월 기준 552대(34_x000D_대구시는 지난해까지 전국 17개 시도 중 저상버스 보급률이 서울 다음으로 높았다_x000D_국토부 자료에 따르면 올해 저상 버스 수요는 2천281대에 비해 예산은 1천350대 수준이다_x000D_대구시에 따르면 지난해 기준 운영 중인 시내버스는 1천531대로 이중 저상버스는 672대, 보급률이 43_x000D_"
89,"5조… 한국판 뉴딜 '그린리모델링'·물류 투자━사진= 국토부내년 코로나19 영향에 따른 리스크를 극복하고 미래도약 시스템을 구축하도록 한국판 뉴딜을 올해 1조2000억원에서 내년 2조4000억원(기금 4000억원)으로 늘렸다_x000D_코로나 19 확산기 든든한 버팀목이 되었던 물류분야는 국가차원에서 육성할 수 있도록 예산을 올해 62억원에서 내년 319억원으로 500%가량 대폭 늘렸다_x000D_SOC디지털화를 위한 예산은 올해 8140억원에서 내년 1조4974억원으로 확대했다_x000D_8조… 전년比 20%↑━사진= 국토부노후화된 SOC의 안전을 강화하기 위해 내년 국토교통 안전분야 예산은 기존 4조8000억원 대비 1조원(20%) 늘렸다_x000D_지난해 1월 발표한 예타면제사업의 본격 추진을 위한 예산은 올해 1116억원에서 내년 3756억원으로 늘어난다_x000D_낙후된 도심 환경 개선을 위한 도시재생 예산은 올해 7777억원에서 내년 9180억원으로 증가했다_x000D_도시재생 기금도 올해 6043억원에서 내년 6398억원으로 늘었다_x000D_혁신도시 정주여견 개선 및 활성화 지원 예산은 올해 157억원에서 내년 737억원으로 늘었고, 새만금 사업 예산도 지속 편성됐다_x000D_무주택 실수요자 지원을 위한 구입자금 융자와 전월세 자금 융자 지원 등에도 기금을 9조4000억원에서 10조7000억원으로 늘렸다_x000D_출퇴근 등 이동시간 절약을 위해 GTX(수도권광역급행철도), 광역·도시철도, 광역 BRT(간선급행버스체계), 환승센터 등 사업을 지속 추진한다_x000D_내년 예산은 141억원으로 신규 노선도 발굴 계획이다_x000D_환승센터 내년 예산은 177억원으로 경기 킨텍스역, 부산 사상역, 울산역 등 기존 3개 사업과 수원역(동측), 서부산권 등 신규 2개 사업을 반영했다_x000D_"
90,"[2021 예산안]광역 BRT 5곳 141억·환승센터 5곳 177억 편성© News1 DB(세종=뉴스1) 김희준 기자 = 정부가 수도권 광역급행철도(GTX) 건설 등 교통서비스 강화에 내년 1조6000억원을 투입한다_x000D_올해와 같이 1조6000억원이 투입되는 내년 교통서비스 강화 사업 중 먼저 수도권 장거리 통행수요를 위한 GTX 사업에 2656억원을 편성한다_x000D_"
91,"기사내용 요약저상버스 운행률 26%, 다른 특·광역시 비해 현저히 낮아장애인콜택시 116대, 법정대수 60%대, 점자블록 설치·관리 엉망장재성의원 ""시각장애인 생명줄 점자블록 전수조사 해야""【광주=뉴시스】 장재성 광주시의원_x000D_장 의원은 “이용섭 시장 공약 추진 현황 중 ‘저상버스 도입 확대’는 올해까지 저상버스 운행률 30%를 목표치로 설정했지만, 지금 더딘 상황이다”고 말했다_x000D_"
92,
93,
94,"3/뉴스1 © News1 오대일 기자(서울=뉴스1) 권구용 기자 = 국회는 올해 마지막 날인 31일 본회의를 열고 국회의원 선거와 지방선거에 출마할 수 있는 피선거권자의 연령을 만 18세로 낮추는 공직선거법 개정안과 민생법안 등을 처리한다_x000D_"
95,"올해 지역SW사업 우수사례는 '보이스피싱 및 대포통장 사기 방지 스마트금융 시스템' '교통약자를 위한 대전 저상버스 정보공유시스템' '스쿨존 내 보행 중 휴대폰 사용제한 솔루션'과 '부산 바다 SOS랩' '인천 SW미래채움' 사업이다_x000D_'스쿨존 내 보행 중 휴대폰 사용제한 솔루션'도 지역SW서비스사업화지원사업 우수사례다_x000D_'교통약자를 위한 대전 저상버스 정보공유시스템'은 대전정보문화산업진흥원 '시민 생활안전 SOS랩' 운영 성과다_x000D_교통약자를 위한 대전 저상버스 정보공유시스템 실증 이미지_x000D_"
96,"실제 이날 본회의에서 개정안은 총투표수 226표 중 찬성 204표, 반대 12표, 기권 10표로, 압도적 찬성으로 통과됐다_x000D_특위 위원장은 2022년에는 국민의힘이 2023년에는 민주당이 번갈아 맡게 되는데, 첫 위원장은 5선의 국민의힘 서병수(부산진갑) 의원이 유력한 상황이다_x000D_이와 함께 저상버스 도입 확대를 골자로 하는 교통약자의 이동편의 증진법 개정안도 본회의를 통과했다_x000D_"
97,"내년 3월 국회의원 재보궐 선거부터 만 18세가 넘으면 출마할 수 있게 됩니다_x000D_즉시 시행할 수 있도록 하는 부칙도 포함돼 내년 3월 국회의원 재보궐 선거와 6월 지방선거에 곧바로 적용됩니다_x000D_"
98,"[류승연의 더불어, 장애]이재명·윤석열·심상정 대선 후보 장애인 정책 비교 분석지적장애 특수학교를 방문하며 최혜영 의원 휠체어를 미는 이재명 더불어민주당 대선 후보_x000D_모든 후보 정책을 전부 소개하면 좋겠지만 정책 분석을 함께 다루기 위해 더불어민주당 이재명 후보, 국민의힘 윤석열 후보 중심으로 이야기를 진행했다_x000D_"
99,"또 국토부가 교통약자의 이동편의 증진법에 따라 저상버스(장애인들이 휠체어를 탄 채 다른 사람의 도움 없이 오를 수 있도록 차체 바닥이 낮은 버스) 도입 시 국토부와 지자체에서 5:5비율로 지급하는 보조금도 대당 9000만원에서 8000만원으로 축소할 것으로 알려졌다_x000D_문제는 정부와 지자체에서 보조금을 받더라도 버스업계가 부담해야할 버스 구매비용은 대당 대당 1억~1억2000만원이 추가로 소요된다_x000D_우선 환경부의 국고보조금 8000만원과 함께, 저상버스 보조금 대당 약 9000만원 수준의 보조금을 지원받을 수 있다_x000D_따라서 국산 대형버스를 구입하기 위해서는 대당 약 1억3000만원 수준의 비용이 추가로 필요하다_x000D_사실상 보조금을 받으면 공짜 수준이 되는 중국산 전기버스 구입을 막기 위한 조치로 풀이된다_x000D_"
100,"[머니투데이 박미주 기자] [지자체 트램 계획 수립·차량 제작사 부품 판매처 확보 등 가능해져]사진= 국토부정부가 트램 국내 표준규격을 수립하며 트램 운영 준비를 마쳤다_x000D_국토교통부 대도시권광역교통위원회는 지자체에서 트램 사업의 계획 수립 및 트램 차량 도입 시 활용할 수 있는 트램 차량 표준규격을 마련했다고 12일 밝혔다_x000D_차량의 성능은 최고속도를 시속 70㎞로, 입력전압은 도심지 공급에 적합한 750V로, 가감속 수준 등 주요 성능은 해외에서 주로 운행되는 트램 차량과 동등한 수준으로 설정했다_x000D_냉·난방 성능(8∼10kW)과 조명 밝기(250lx) 등은 차체 규격에 적합한 수준으로 하고, 바닥 높이는 교통약자의 접근성 등을 고려해 저상버스와 동일한 350㎜로 설정했다_x000D_"
101,"교통약자편의법 제정 16년, 여전히 미흡장애인 ""대중교통 여전히 불편""  목소리""이동권은 자유권…많은 관심 가져달라""[광주=뉴시스]변재훈 기자 = 광주 장애인철폐연대 등 지역 장애인·인권 20개 단체 회원들이 '장애인의 날' 40주년인 지난해 4월20일 오후 광주 서구 광주시청 앞 승강장에 정차한 저상 시내버스에서 내리고 있다_x000D_장애인 이동권에 관한 시위에 참가할 때 '차별버스'에 자신이 탄 휠체어를 묶는 용도다_x000D_박 대표는 ""휠체어를 차별버스에 묶어 자유로이 이동할 수 없는 장애인들의 현실을 표현했다""며 ""시위를 시작한 지 벌써 20년이 지났지만 현실은 여전히 제자리걸음인 만큼 장애인의 이동권은 온전히 실현되지 않았다""고 말했다_x000D_서울시 전체 버스 가운데 약 40%는 장애인이 이용할 수 없다는 뜻이다_x000D_휠체어를 끄는 장애인이 이용할 수 있는 버스는 극히 제한적인 셈이다_x000D_휠체어를 타는 A씨는 최근 업무 차 지방에 갔을 당시 기차역에서 시청까지 가려고 했으나 장애인이 이용할 수 있는 저상버스가 없어 다른 기차역에서 내려 저상버스로 환승해야 했다_x000D_A씨는 ""당시 비장애인은 20분이면 갈 수 있는 길을 우리는 1시간30분 넘게 걸려 이동해야 했다""며 ""환경이 갖춰지지 않아 장애인 이동권을 실현시키는 것은 여전히 사치""라고 말했다_x000D_[서울=뉴시스]배훈식 기자 = 서울장애인차별철폐연대 회원들이 지난 2월 10일 오후 서울 중구 지하철 4호선 충무로역 서울역 방면 열차에서 장애인 이동권 보장을 촉구하며 승하차 시위를 하고 있다_x000D_지난 1월부터 장애인단체는 오이도역 장애인 리프트 참사 20주기를 맞아 지하철 승강장과 버스정류장에서 이동권 보장 시위를 벌이고 있다_x000D_"
102,"세계 최초로 전기저상버스를 출시했던 에디슨 모터스에서 쌍용차 인수의사를 본격적으로 밝혔습니다_x000D_[강영권/에디슨 모터스 대표 : 1조에서 1조 5천억 원 정도 자금을 인수 측에서 운용할 수 있습니다_x000D_[강영권/에디슨 모터스 대표 : 전기승용차, 전기SUV 등에도 접목해서 좋은 품질경쟁력 있고 디자인 좋고 가격합리적인 그런 차를 내놓겠다는 생각에서 인수를 검토하고 있습니다_x000D_"
103,"취재진은 하루 앞서 김 씨의 퇴근길을 함께 했습니다_x000D_김씨가 ‘감’으로 늘 이용하던 지하철역 대신 가까운 또 다른 역으로 퇴근해보기로 했습니다_x000D_김씨가 신경을 바짝 세워 길을 건너던 중에도 차들은 대수롭지 않게 그의 앞을 지나쳐갔습니다_x000D_이마저도 저마다 점자 설치 위치가 제각각이라 시각장애인은 점자가 어디 있는지 알지 못할 때가 대부분이라고 했습니다_x000D_만원 지하철에 몸을 실은 김 씨는 다시 암담한 퇴근길을 걸어야 했습니다_x000D_새로 뽑힌 시장은 장애인이 불편을 겪지 않는 이른바 ‘베리어프리’ 도시 건설을 약속했고, 그전 시장은 휠체어를 직접 타보며 장애인 보행권 개선을 약속했던 부산이지만 아직 그 꿈의 실현은 멀어 보였습니다_x000D_■ 미흡한 장애인 대책_x000D_강 사무처장은 “부산이 제2의 도시라고는 하지만 지자체의 재정능력이 많이 떨어지고 다른 대전이나 인천, 경기도 보다도 (장애인 관련 시설이) 훨씬 미흡한 상태”라고 지적했습니다_x000D_장애인 단체는 반짝 관심이 아닌 지속적인 대책과 개선을 요구하고 있습니다_x000D_"
104,"대법원은 휠체어를 탄 장애인들도 일반인과 마찬가지로 버스 정면 진행 방향을 바라보고 자리에 앉을 수 있도록 휠체어 전용 공간을 설치해야 한다고 판결했다_x000D_부산일보DB휠체어를 탄 장애인도 일반인과 마찬가지로 버스 정면 진행 방향을 바라보고 자리에 앉을 수 있도록 일정 면적 이상의 휠체어 전용 공간을 설치해야 한다는 대법원 판결이 나왔다_x000D_2심 재판부는 “교통사업자는 장애인이 일반인과 동등하게 이동 및 교통 수단을 이용해 안전하게 이동하는 데 필요한 정당한 편의를 제공할 의무가 있다”며 “B 사는 해당 버스에 휠체어 전용 공간을 확보할 의무가 있다”고 판단했다_x000D_재판부는 “교통사업자인 B 사는 장애인을 위한 정당한 편의를 제공하기 위해 해당 버스에 교통약자용 좌석을 설치할 의무가 있다”며 “교통약자법 시행규칙이 정한 교통약자용 좌석 규모인 길이 1_x000D_"
105,"10대 중 4대 저상버스 도입하겠다던 정부, 예산은 부족'위안부' 2차 손배소 '각하'…이용수 할머니 ""ICJ로 가자""사이코패스 아니라는 김태현, 여죄 조사 마무리…내주 기소[이데일리 이소현 기자] 지난 20일은 장애인의 날이었습니다_x000D_이데일리는 장애인의 날을 맞아 장애인 이동권에 대해 주목해 올해 처음 도입된 마을 저상버스가 유명무실한 점, 정부가 10대 중 4대를 저상버스 도입하겠다는 계획도 공염불에 그친 점에 주목했습니다_x000D_심지어 마을 저상버스 리프트의 작동 여부를 하나하나 살펴보니 제대로 작동하지 않는 버스도 있었습니다_x000D_국토교통부는 2019년 12월 ‘제3차 국가 교통약자 이동편의 증진계획’ 변경안을 통해 전체 시내버스 중 저상버스 비율을 42%로 조정했는데요_x000D_이는 10년 전 내놓은 ‘제1차 국가 교통약자 이동편의 증진계획’ 저상버스 도입률(31_x000D_이용수 할머니가 21일 오전 서울 서초구 서울중앙지방법원에서 열린 일본군 위안부 피해자와 유족들이 일본을 상대로 제기한 손해배상 청구 소송 선고기일을 마친 뒤 법원을 나서고 있다_x000D_(사진=이영훈 기자)‘국가면제’가 가른 ‘위안부’ 손배소…2차 재판부 ‘각하’ 결정우리 법원이 일본군 위안부 피해 할머니들에 대한 일본 정부의 배상 책임을 물을 수 없다고 판단했습니다_x000D_서울중앙지법 민사합의15부(민성철 부장판사)는 지난 21일 이용수 할머니 등 위안부 피해자와 유족 20명이 일본을 상대로 제기한 손해배상 청구 소송에서 각하 판결을 내렸습니다_x000D_(사진=이영훈 기자)위안부 문제에 이어 원전 오염수 방류 결정에 대한 후폭풍도 거셌습니다_x000D_경찰 “김태현, 사이코패스 아니다…반사회성 일부 특징 확인”지난달 서울 노원구 한 아파트에서 세 모녀를 살해한 ‘스토킹 살인’ 사건의 범인 김태현(25)이 ‘사이코패스(반사회적 인격 장애증)’가 아닌 것으로 확인됐습니다_x000D_"
106,"■ 균형발전 투자 확대, 지역거점 육성, 교통망 연결을 통한 경제활력 제고2022년 예산은 코로나19 장기화로 위축된 지역경제에 활력을 불어넣고 국가 균형발전과 메가시티를 지원하기 위해 국가균형발전 프로젝트와 지역 성장거점 육성, 주요 교통망을 확충 사업을 확대 편성했다_x000D_공공임대주택 그린리모델링 예산을 3천645억원에서 4천806억원으로 늘리고 주택도시기금(그린리모델링 활성화) 예산은 110억원에서 111억원, 수소도시 예산은 올해와 같은 245억원을 책정했다_x000D_디지털물류 예산은 올해와 같은 60억원을, 스마트물류센터 예산은 108억원에서 166억원으로 늘렸다_x000D_드론산업 육성(3개 사업) 예산을 188억원에서 303억원으로 확대했다_x000D_국토부는 주거급여와 양질의 공공임대주택 확대로 주거안전망을 강화하고 교통약자 이동 편의 제고와 자동차 사고 피해자 지원 등 포용사회 확산을 위한 예산을 확대 편성했다_x000D_주거급여 예산은 1조 9천879억원에서 2조1천819억원으로 늘렸다_x000D_저상버스·장애인콜택시 지원으로 교통약자 이동권을 보장하기 위한 사업을 727억원에서 1천91억원으로 늘려 편성했다_x000D_■ 산업현장·일상생활 속 국토교통 안전 강화해체공사 안전 강화를 위한 건축안전 지원예산을 대폭 확대하고 중대재해처벌법 대비를 위한 산업현장 안전강화, 디지털 SOC 등 국토교통 안전분야 예산을 5조7천억원에서 6조원으로 증액 편성했다_x000D_국토안전관리원 예산은 464억원에서 605억원으로 늘리고 감리원 배치 예산은 1천499억원에서 1천633억원으로 증액했다_x000D_"
107,"밀양시, 최초로 전기 시내버스 도입밀양시, 적극 행정으로 중소기업 애로 사항 해결최근 경남 밀양의 귀농·귀촌종합지원센터를 통한 상담 문의가 큰 폭으로 증가하면서 귀농·귀촌인도 늘었다_x000D_18일 밀양시에 따르면, 올해 상반기 귀농·귀촌종합지원센터를 통해 상담을 받은 도시민은 408명이다_x000D_밀양시는 이처럼 많은 상담실적을 올리기 위해 차별화된 운영을 시행 중이다_x000D_박일호 밀양시장은 ""배출가스가 없고 소음과 진동이 적은 전기(저상) 시내버스 도입으로 미세먼지 저감 등 대기환경을 개선하고, 시민들에게 쾌적하고 편리한 대중교통 서비스를 제공하도록 노력하겠다""고 말했다_x000D_◇ 밀양시, 적극 행정으로 중소기업 애로 사항 해결경남 밀양시는 최근 부북면 소재 사포일반산업단지(이하 사포산단) 입주 기업들의 애로 사항을 해결했다_x000D_18일 밀양시에 따르면, 사포산단 내 입주 기업은 산업용 건축물을 신축하기 위해 취득한 토지의 취득세를 75% 감면받는다_x000D_"
108,"이는 올해 171대보다 67대 늘어난 수치로, 최근 정부가 발표한 ‘제4차 교통약자의 이동편의 증진계획’에 따른 것이다_x000D_이 계획은 현재 30% 수준인 저상버스 도입률을 2026년 62%까지 획기적으로 개선한다는 정부 방침으로, 시는 교통약자의 이동편의 증진법 시행에 맞춰 저상버스 도입 폭을 크게 확대하기로 했다_x000D_"
109,"부산시의회, 제309회 임시회 폐회…2022년도 행정사무감사계획서 승인부산교육청, 생태환경동아리 지도교사 대상 생태환경교육 실천단 워크숍 진행전기저상버스로 교체된 밀양시내버스 ⓒ밀양시부산시가 오는 2026년까지 1580대의 저상버스를 확보한다_x000D_부산시는 교통약자는 물론 모든 시민이 일상생활 이동에 불편함이 없도록 저상버스를 지속적으로 확보해 나갈 계획이다_x000D_이후 19명의 의원들이 5분 자유발언에 나서 부산시와 부산교육청의 다양한 현안에 대해 발언하고, 정책대안을 제시했다_x000D_"
110,"또 버스정류장의 보도 높이에 대한 기준이 다르게 규정돼 저상버스를 이용하는 교통약자들의 안정성과 편의성이 부족한 것으로 지적됐다_x000D_감사원은 국토부 장관에세 저상버스가 노선별로 적정하게 배차돼 효율적으로 운영되도록 하고, 노선 내에서도 일반버스와 저상버스의 배차순서가 적절히 편성될 수 있도록 관리 방안을 마련하라고 통보했다_x000D_8%(718개)의 연석 높이를 15㎝ 이하로 설치·관리하고 있어 저상버스 이용 시 안전성과 편의성 부족한 것으로 조사됐다_x000D_하지만 국토부는 지자체의 특별교통수단 운전원 채용현황 등 운영계획을 검토하지 않고, 보급률만을 기준으로 보급계획을 수립한 것으로 조사됐다_x000D_감사원은 ""국토부 장관에게 버스정류장의 보도 높이에 대한 종합적인 설치 기준을 마련하도록 통보했다""며 ""특별교통수단 보급계획 수립 시 지자체의 특별교통수단 운행상황 및 운전원 확보 등 구체적인 운영계획을 반영·평가하는 방안을 마련하도록 통보했다""고 밝혔다_x000D_"
111,"올해 171대를 도입한다는 목표에 따라 연말까지 98대를 추가로 도입해 852대까지 늘릴 계획이다_x000D_"
112,
113,"<앵커>높이가 4m에 달하는 2층 전기저상버스가 지방 대도시권에서는 처음으로 대전과 세종을 오가는 광역 BRT 노선에 투입됩니다_x000D_기존 버스보다 서른 명 이상 많이 탈 수 있어서 출퇴근 시간 혼잡도가 크게 줄어들고, 교통약자들도 편하게 BRT를 이용할 수 있을 전망입니다_x000D_"
114,"9일 시에 따르면 지난 9월 28일 정부가 발표한 ‘제4차 교통약자의 이동편의 증진계획’에 따라 시는 2023년 저상버스를 2022년 171대보다 67대 늘어난 238대를 도입하기로 했다_x000D_"
115,"장애인권리보장법 제정 촉구 활동   장애계는 장애인의 권리와 욕구에 기반한 장애인권리보장법 제정을 18대 대선부터 공약으로 요구해왔다_x000D_"
116,"리야드 메트로는 사우디 최초의 메트로 건설현장이자 리야드 최초의 대중교통 시스템이다_x000D_19   오후 5:21   HDC 현대산업개발 압수품 들고 본사 나서는 경찰         광주 화정아이파크 신축 아파트 붕괴 사고를 수사 중인 경찰과 고용노동부가 19일 시공사인 서울 용산구 HDC 현대산업개발에 대한 압수수색을 마친 뒤 압수품을 들고 본사를 나서고 있다_x000D_이날 윤 후보는 저상버스 시외·고속·광역버스로 확대, 시각장애인 안내견 양성 지원 등의 내용이 담긴 장애인 공약을 발표했다_x000D_천연기념물 202호 두루미는 전 세계에 3000여 마리만 남은 희귀종이다_x000D_중국 북동부와 일본 홋카이도, 시베리아 등지에서 번식하고 겨울에 우리나라를 찾아 강원도 철원, 경기도 연천 한탄강변 등지에서 월동한다_x000D_가야시대 투구는 부산 동래구 복천동 고분군에서 출토 된 유물 중의 하나이다_x000D_서울시는 이날 퇴근길 혼잡을 막기 위해 퇴근시간대 대중교통 집중 배차시간을 오후 6시부터 8시 30분까지"
117,"ly/319DiiE바로 어제였던 지난해, 국회에선 포괄적 차별금지법 제정이 또다시 미뤄졌다_x000D_”차별로부터 보호받을 보편 권리를 담은 포괄적 차별금지법 제정은 특정 집단이나 소수의 이익을 위한 게 아니라 우리 모두의 문제다_x000D_지난 23일 <한겨레>와 만난 이종걸 차별금지법제정연대 공동대표는 “지금 이 순간에도 성별, 학력, 경제력, 피부색, 신체 조건, 비정규직, 성적 지향 등이 다르다는 이유만으로 일상 속에서 노골적 차별이 일어난다”며 “지금 우리 사회는 이걸 막을 수단이 없다”고 말했다_x000D_서울 여의도 국회 앞 차별금지법 쟁취 천막농성장과 인근 커피숍에서 진행된 인터뷰에서 이 대표는 “이미 시민들과 사회는 바뀌고 있다_x000D_2003년부터 인권위에서 차별금지법안 연구가 시작됐고, 2007년 당시 참여정부가 법무부를 통해 차별금지법 제정안을 내놨지만 첫번째 좌절을 겪었습니다_x000D_이번 국회에선 장혜영 정의당 의원 대표발의를 포함해 4건이 나왔는데 국회가 법안 심사 책임을 미루고 있습니다_x000D_같은 맥락에서 차별금지 제도화는 이미 사회적 합의를 이룬 것 같습니다_x000D_“2007년 첫 차별금지법안 때부터 줄기차게 반대한 세력들이 있습니다_x000D_이들은 차별금지법이 만들어지지 않도록 방해하는 데 그치지 않고, 여러 사회적 소수자들의 권리를 보장하기 위한 법과 정책에도 반대합니다_x000D_비정규직이란 이유로 더 가혹한 노동환경에 내몰려 2016년 한 청년이 구의역 지하철 스크린도어에 끼여 숨졌습니다_x000D_고 변희수 하사의 죽음도 있습니다_x000D_―지난해 차별금지법 제정에 한걸음 더 다가섰지만 결국 국회 문턱을 넘지 못했습니다_x000D_”―법 제정에 대한 여론은 높아지고 있습니다_x000D_"
118,"특히 신체적 장애가 있는 분들은 매년 휠체어 탑승이 가능한 시외·고속 버스 도입을 요구하고 있어요_x000D_장애인들은 지난해 추석에도 고속버스 터미널에서 시위를 벌였고 12월에는 지하철에서 산발적 시위를 벌였어요_x000D_출근길 비장애인 시민들에게 불편을 준다는 불평에도 장애인들이 나설 수밖에 없는 이유를 설 귀향 시즌을 앞두고 [데이:트]가 숫자로 들여다보려 합니다_x000D_현재 김씨가 탈 수 있는 고속·시외버스는 단 7대 입니다_x000D_김씨가 탈 수 있는 당진행 고속버스_x000D_이 버스를 타려면 최소 48시간 전에 예약해야 합니다_x000D_김씨가 서울·경기도에 살았다면 상황이 어떨까요?버스와 마찬가지로 휠체어 리프트를 이용해야 하는 김씨는 비장애인 승객보다 30분~1시간 전에 도착해야 합니다_x000D_납득되는 부분도 있지만 출발시간 한참 전에 오는 게 '의무'가 된 휠체어 장애인들은 차별로 느낄 수 있습니다_x000D_미국도 대형운수회사는 2012년까지 고속버스 100%에 휠체어 탑승 설비를 의무 설치하도록 2000년에 법을 개정했어요_x000D_영국은 2030년까지 모든 교통체계가 장애인-비장애인 구분 없도록 하는 게 목표입니다_x000D_장애인들은 오늘도, 내일도 외출을 포기하는데 법은 이들에게 기다리라고만 합니다_x000D_"
119,"홍윤희 협동조합 ‘무의’ 이사장[경향신문] 장애인 이동권 개선을 위한 콘텐츠를 만드는 홍윤희 협동조합 무의 이사장이 지난 16일 서울 종로구 자택에서 경향신문과 인터뷰하고 있다_x000D_딸(17)이 2006년 척추종양을 갖고 태어나 암투병 후유증으로 휠체어를 타게 되자 장애인 이동권이 보장되는 세상을 만들기 위해 2015년 협동조합 ‘무의’를 설립하고 국내 최초인 장애인을 위한 지하철 환승지도 제작을 주도했다_x000D_장애가 더 이상 장벽이 되지 않길 바라며 비장애인들과 함께 휠체어 이용 장애인이 문화시설·여행을 체험할 수 있는 콘텐츠를 제작하고, 휠체어로 접근 가능한 건물 데이터를 수집하고 있다_x000D_2001년 오이도역 휠체어 리프트 추락 사망 사건 이후 장애인들이 쇠사슬로 몸을 묶고 도로·철로를 점거하고서야 2005년 교통약자이동편의증진법이 만들어졌지만 장애인들은 여전히 택시도 버스도 지하철도 타기 힘들다_x000D_휠체어 장애인인 17세 딸을 둔 워킹맘이자 장애인 콘텐츠를 만드는 협동조합 ‘무의’의 이사장인 홍윤희씨를 만나 교통약자의 이동권 이야기를 들어봤다_x000D_누리꾼 제공- ‘무의’는 2017년 장애인 지하철 환승지도로 첫발을 뗐다_x000D_지하철 엘리베이터는 많이 늘었는데, 어떤 점에서 여전히 불편한 것인가_x000D_”2001년 서울 세종문화회관 앞에서 열린 장애인 이동권 집회에서 참가자들이 저상버스 확대 도입을 촉구하고 있다_x000D_"
120,"[경향신문] 사람과 사람이 만나고, 배우고, 일하고, 사랑하는 모든 경험은 이동을 바탕으로 한다_x000D_장애인 이동권 개선을 위한 콘텐츠를 만드는 홍윤희 협동조합 무의 이사장이 지난 16일 서울 종로구 자택에서 경향신문과 인터뷰하고 있다_x000D_김창길 기자1984년 휠체어 이용 장애인 김순석씨가 ‘서울 거리의 턱을 없애달라’는 유서를 쓰고 세상을 등졌지만, 서울시내 횡단보도 턱을 비롯한 보행불편 사례는 지난해에만 7만건이 넘는다_x000D_2001년 오이도역 휠체어 리프트 추락 사망 사건 이후 장애인들이 쇠사슬로 몸을 묶고 도로·철로를 점거하고서야 2005년 교통약자이동편의증진법이 만들어졌지만 장애인들은 여전히 택시도 버스도 지하철도 타기 힘들다_x000D_휠체어 장애인인 17세 딸을 둔 워킹맘이자 장애인 콘텐츠를 만드는 협동조합 ‘무의’의 이사장인 홍윤희씨를 만나 교통약자의 이동권 이야기를 들어봤다_x000D_- ‘무의’는 2017년 장애인 지하철 환승지도로 첫발을 뗐다_x000D_지하철 엘리베이터는 많이 늘었는데, 어떤 점에서 여전히 불편한 것인가_x000D_지하철 엘리베이터는 장애인들이 오랜 시위 끝에 이뤄낸 변화다_x000D_점점 늘어나는 교통약자들이 안심하고 지하철을 이용하려면 ‘1역사 2동선’, 그러니까 지하철역 1개당 엘리베이터 동선 2개는 확보돼야 한다_x000D_”2001년 서울 세종문화회관 앞에서 열린 장애인 이동권 집회에서 참가자들이 저상버스 확대 도입을 촉구하고 있다_x000D_경향신문 자료사진배리어프리 대중교통은 2019년 기준 수도권 인구 약 4분의 1에 달하는 장애인·고령자·임산부·어린이와 영유아 동반자 등 교통약자 모두를 위해 필요하다_x000D_”-지하철 출퇴근 시위의 주요 요구사항 중 하나는 ‘특별교통수단’, 그러니까 장애인 콜택시 운영을 개선하라는 것이다_x000D_”2020년 서울 광화문 세종문화회관에서 홍윤희 협동조합 무의 이사장(왼쪽에서 두번째)을 비롯한 학생 및 학부모들이 휠체어 이용자를 위해 무의가 만든 궁 소풍지도인 ‘궁 어디까지 가봤니’를 점검하려고 모였다_x000D_"
121,"유권자와 함께하는 대선 정책 ‘나의 선거, 나의 공약’⑤돌봄이 필요한 사람들장애인들의 ‘당연한 권리’최중증 발달장애인인 이윤호씨와 어머니 김남연씨가 지난달 24일 서울 성동구 자택에서 도전적 행동을 줄이기 위해 공을 손에 쥐고 이야기를 나누고 있다_x000D_지방자치단체별로 저상버스 도입률은 어느 정도인지, 장애인 콜택시는 있는지 확인부터 해야 한다_x000D_서울은 전동휠체어 탑승이 가능한 저상버스 도입률이 그나마 57_x000D_장애인 콜택시는 지역에 따라 필요한 서류와 예약방법 등이 모두 다르다_x000D_부산에서 관광지 사이를 이동할 때마다 장애인 콜택시를 이용했는데, 장시간 기다리느라 시간을 다 허비했다_x000D_2020년 한국장애인개발원이 펴낸 ‘장애인콜택시 전국 통합체계 마련을 위한 연구’를 보면, 장애인 콜택시 평균 대기 시간은 48_x000D_저상버스 도입 의무화와 함께 장애인 콜택시 같은 특별교통수단의 시외 운행에 필요한 예산 근거를 담은 교통약자의 이동편의 증진법 개정안이 지난해 말 국회를 통과했는데, 원안에 의무조항(‘해야 한다’)으로 돼 있던 예산 지원을 임의조항(‘할 수 있다’)으로 바꿔 문제가 됐다_x000D_지난달 24일 서울 성동구 집에서 만난 어머니 김남연(55)씨는 아들의 도전적 행동을 말리다 긁힌 상처를 찍은 사진을 여러장 보여줬다_x000D_“올해 초에 이불을 개서 넣었는데, 윤호가 이불을 개지 말라는 거예요_x000D_그러면 가서 꼬집는 거예요_x000D_김씨는 발달장애인은 물론이거니와 돌봄하는 부모도 이 수업을 들어야 한다고 했다_x000D_”전남 여수에 사는 이부심(58)씨는 발달장애인 아들 강법운(32)씨의 치과 치료를 하려면 차로 2시간 거리인 광주에 있는 광주전남 권역장애인구강진료센터까지 가야 한다_x000D_“중증장애인을 위한 ‘운동 보조’ 제도가 있다면 장애인 후배들이 운동을 지속할 수 있을 것 같아요_x000D_”☞김남연, 최효숙, 이부심의 정책 요구: 발달장애인 행동중재지원센터 설립, 발달장애인 자녀 대리처방 허용, 기초자치단체 단위 장애인 치과전담병원 지정안태호 기자 eco@hani_x000D_"
122,"이에 따라 사업자에게 보조금 지원을 통해 공공노선 관리를 강화하고 서비스 효율성을 향상하기 위한 목적으로 준공영제를 시행하게 되었다_x000D_궁극적으로 ‘시내버스의 이용 편의 증진과 시민 교통복지 실현’을 위해 도입된 준공영제는 지자체의 지원으로 노선과 운행을 조정·관리하고, 사업자는 운행 서비스를 제공하는 방식인 만큼 공공성을 살린 합리적인 제도로 알려져 있다_x000D_그중 일부 노선은 대구 시내버스와의 공동 배차를 통해 농촌 깊숙한 곳에서 도심까지 장거리 노선을 운행 중이며, 대구와 동일 요금에 버스·지하철 통합 환승 체계도 함께 적용하는 등 타지방도시 체계와는 차이점이 있다_x000D_"
123,"부산 지역 장애인 이동권은 서울보다도 턱없이 열악할 뿐 아니라 실태 파악조차 제대로 되지 않아 부산시의 적극적인 조치가 필요하다는 목소리가 높다_x000D_28일 부산시에 따르면 지난해 12월 기준 부산시 시내버스 총 2517대 중 휠체어 접근이 가능한 저상버스는 728대다_x000D_서울 66%·대구 48% 비해 저조저상버스 도입 의무화 별무소용언덕 운행 불편 이유 교체 기피‘두리발’도 시간대별 일부만 운행불편사항 실태조사부터 나서야지난해 연말 개정된 ‘교통약자의 이동편의 증진법’에 따르면 버스를 교체할 때 의무적으로 저상버스를 도입해야 한다_x000D_부산시 버스운영과 관계자는 “교통약자법에 따라 도로의 구조나 시설이 저상버스 운행에 적합하지 않으면 저상버스로 교체하지 않아도 된다”며 “부산은 지역 특성상 언덕이 많아 저상버스 운행이 불편한 곳이 있어 버스를 전부 저상버스로 교체하지 않는다”고 말했다_x000D_휠체어 탑승이 가능한 부산시 장애인 콜택시 ‘두리발’은 총 206대에 불과하다_x000D_2021년 기준 부산시 등록장애인 17만 6000여 명 중 휠체어 이용 장애인 수는 집계가 안 됐다_x000D_"
124,"저상버스 도입률 하위권 지난 2월 서울 지하철에서는 대규모 장애인 이동권 보장 시위가 잇따라 진행됐다_x000D_이런 장애인 이동권 보장 관련 행동은 우리 청주시에서도 있었다_x000D_통계적인 측면에서도 장애인 이동권 증진을 위해 꼭 필요한 '저상버스'와 '특별교통수단'의 충북 내 운영 대수는 전국에서도 극하위권이다_x000D_청주시에 위치한 중증장애인평생교육시설 다사리학교의 대표이자 충북장차연의 공동 대표인 송상호 대표는 ""충북장차연 내에서 자체적으로 계산해보니 통계에서 발표한 만큼의 저상버스 수치가 나오지 않았다_x000D_이동에 심한 불편을 느끼는 교통약자의 이동을 지원하기 위해 <교통약자의이동편의증진법>이 규정하고 있는 휠체어 탑승 설비를 장착한 특별교통수단 상황도 열악하기는 마찬가지다_x000D_수치화할 수는 없지만 분명히 존재하는 수많은 어려움이처럼 통계적 측면에서 볼 때, 충북의 장애인 이동권 현황은 매우 열악하다_x000D_통계적 수치를 개선하는 것도 중요하지만 통계적으로 수치화할 수는 없어도 분명히 존재하는 장애인 이동권과 관련한 수많은 어려움이 있다_x000D_장애인 당사자이자 휠체어 이용자인 충북장차연 장새롬 사무국장은 ""장애인 탑승자를 그냥 지나치는 버스가 많다_x000D_휠체어 탑승자가 버스에 승차하면 다른 승객이 불편하지 않게 버스 좌석을 접는 등 휠체어를 고정할 자리를 마련해 줘야 하는데, 기사분들이 매우 번거롭게 생각하는 것 같다""라고 말했다_x000D_또 다른 휠체어 탑승자인 인권연대 '숨'의 이구원 활동가는 ""장애인들에게 저상버스 이용은 일종의 '도전'이다_x000D_또 승차 대기 공간도 마땅치 않고, 주변 보행 공간도 휠체어 탑승자가 버스를 이용하기에 그리 좋은 환경은 아니다_x000D_장새롬 사무국장은 ""현재 야간에 운행되는 해피콜(청주시 장애인 콜택시) 수가 두 대 정도밖에 안 된다고 들었다_x000D_실제로 지역 장애인 커뮤니티를 살펴보면, 주말이나 야간 시간대에 해피콜 이용 대수 감축으로 불편을 겪었다는 이들을 어렵지 않게 발견할 수 있었다_x000D_그리고 주말이나 야간에 해피콜 대수가 감축될 수밖에 없는 이유는 일반택시와 해피콜의 차이 때문이다_x000D_일단 보은과 영동 같은 경우는 아예 장애인 콜택시 운행 대수가 0대다_x000D_전국장애인차별철폐연대(이하 전장연)는 장애인 이동권 보장을 포함해 장애인 권리 보장에 필요한 여러 요구사항을 정책에 반영하기 위해 서울 지하철 역사 내에서 출퇴근 시간대에 대규모 시위를 벌였다_x000D_""(장애인) 본인들이 겪었던 피해로 다른 사람에게 피해 주는 건 너무 이기적인 게 아니냐"", ""시위 취지는 이해하지만, 출퇴근 시간대에 하는 건 엄연한 민폐""라는 등의 시위에 대한 부정적인 반응이 적지 않았다_x000D_장애인 이동권 보장을 위한 장애인들의 목소리와 행동은 장애인들의 '이기심'에서 자행되는 민폐 행위가 아니다_x000D_"
125,"연합뉴스대통령직인수위원회가 29일 서울 지하철 출근길 시위를 벌이고 있는 전국장애인차별철폐연대(전장연)의 입장을 듣기 위해 시위 현장을 찾은 것은 잘한 일이다_x000D_국힘 이준석 대표 갈라치기 그만두고인수위, 열악한 지방 더 큰 관심 절실서울의 시위 현장을 바라보는 지방의 심정은 더 착잡하다_x000D_부산시 시내버스 총 2517대 중 휠체어 탑승 가능한 저상버스는 728대로 28_x000D_인수위는 서울의 장애인 이동권에만 신경을 쓰지 말고 열악한 지방에 더 큰 관심을 가져 줄 것을 당부한다_x000D_한편으로 곧 여당이 될 국민의힘 이준석 대표가 연일 장애인단체의 출근길 지하철 시위를 비난만 하고 있으니 도대체 무슨 심보인지 모르겠다_x000D_"
126,"하급심 “버스에 휠체어 탑승 설비 제공해야”2014년 신체 장애 등으로 휠체어를 타고 다니거나 거동이 불편한 A 씨 외 2인은 버스 회사를 운영하는 B 사와 C 사 등이 저상 버스를 도입하거나 휠체어 탑승 설비를 제공하지 않았다며 장애인 차별 금지 및 권리 구제 등에 관한 소송을 제기했다_x000D_B 사는 시외버스에, C 사는 광역급행형 등 좌석형 버스에 저상 버스나 휠체어 승강 설비 등과 같은 편의 시설을 도입하지 않았다_x000D_단, 시외버스나 장거리 운행을 위한 저상 버스는 개발이 이뤄지지 못하고 있는 점 등을 고려해 휠체어 승강 설비를 갖춰 원고들에게 정당한 승하차 편의를 제공하라고 설명했다_x000D_다만, 국가 등을 상대로 낸 소송에 대해서는 “법원이 교통 행정 기관에 시외버스와 시내버스 중 광역급행형·좌석형 버스에 휠체어 승강 설비를 도입하기 위한 시책 추진, 재정 지원 등을 적극적 조치로 명하는 것은 법원이 할 수 있는 구제 조치의 영역을 넘어선다”며 기각했다_x000D_대법원은 대부분 원심의 판단을 유지했지만 “버스 회사들에 ‘즉시’, ‘모든’ 버스에 휠체어 탑승 설비를 제공하도록 명한 원심 판결은 비례의 원칙에 위배된다”며 파기 환송을 결정했다_x000D_하급심은 휠체어 탑승 설비를 제공해야 한다는 판결을 내리면서 탑승 설비 제공 대상 버스와 의무 이행 시기 등을 정하지 않았다_x000D_이 경우 판결이 확정되면 B 사와 C 사의 ‘모든’ 버스에 ‘즉시’ 휠체어 탑승 설비를 달아야 한다_x000D_원고 측은 장애인 등 편의법 시행령 제3조를 제정한 뒤 20년이 넘도록 이를 개정하지 않은 국가를 상대로도 소송을 제기했지만 재판부는 국가의 불법 행위 책임까지는 인정하지 않았다_x000D_재판부는 “개별 공무원에게 특정한 내용으로 장애인 등 편의법 시행령 제3조를 개정해야 하는 작위 의무가 있다고 볼 수는 없어 국가의 불법 행위 책임은 성립하지 않는다”고 판시했다_x000D_"
127,"청주시 장애인 이동권 향상을 위해 '저상버스 타고 쏘댕기기' 프로그램을 진행 중인 인권연대 숨 활동가들이다_x000D_그래서 인권연대 숨의 프로그램 '저상버스 타고 쏘댕기기'는 말 그대로 휠체어 이용자인 인권연대 숨의 이구원 활동가가 저상버스를 타고 청주 도심을 탐방하는 프로그램으로, 지난 2020년 11월에 시작해 지금까지 꾸준히 이어지고 있다_x000D_청주 시외버스터미널에서는 ▲ 장애인 전용 창구의 실효성 ▲ 편의시설의 문턱 ▲ 휠체어 이용 장애인이 탑승 가능한 시외버스의 유무 등을 점검하고자 했다_x000D_청주에서 운행하고 있는 시외버스 400여 대의 중 휠체어 이용 장애인이 혼자 탑승할 수 있는 시외버스는 단 한 대도 없었다_x000D_다만 휠체어 높이에 맞는 매표기가 없어 매표기 화면이 휠체어 이용 장애인의 시야에 온전히 들어오지 않았다_x000D_또 코로나19로 인한 폐쇄 영향으로 하차장에서 시내버스 정류장으로 가는 내리막길이 천막으로 가려져 휠체어 보행이 불가능한 곳도 있었다_x000D_그러나 장애인이 이용할 수 있는 시외버스는 단 한 대도 존재하지 않았기에 쏘댕기기에 동행한 기자로서는 '그저 허울만 좋은 것이 아닌가' 하는 생각이 들었다_x000D_▲  정류소 블럭의 높이와 저상버스 리프트 높이가 맞지 않아 리프트가 완전히 내려오지 않았다_x000D_첫째로, 시내버스 정류장 버스정보안내기의 화면이 휠체어 높이에 거의 맞지 않았다_x000D_화면의 일부는 보였던 매표기와 달리 높이에 역광까지 더해지자 휠체어 이용 장애인의 시점에서는 화면이 아예 보이지 않았다_x000D_버스 리프트 역시 인도의 높이 탓에 제대로 내려오지 않아 이구원 활동가는 이재헌 활동지원사의 도움으로 버스에 겨우 탑승할 수 있었다_x000D_물론 정상적인 리프트 상태의 저상버스를 탑승할 때도 리프트를 인도에 붙이는 데에 드는 시간 탓에 버스 탑승객들로부터 받는 눈총은 피할 수 없다_x000D_더하여 장애인 콜택시의 광역이동이 불가능한 청주시 휠체어 이용 장애인들에게는 거의 유일한 광역이동 수단이기도 하다_x000D_▲  무궁화호와 새마을호 승하차 플랫폼에 존재한 휠체어 리프트 사진이다_x000D_발전과 비발전, 그 경계에서쏘댕기기 프로그램 현장에서 알 수 있었듯, 청주시 장애인 이동권 상황은 그리 좋지 않았다_x000D_청주시 장애인들은 이전부터 꾸준히 장애인 콜택시 광역이동 승인을 요구해왔지만, 지금도 해결되지 못한 난제로 남아 있다_x000D_시외버스는 저상버스 아예 없기에 활동지원사의 도움 없이는 탑승 자체가 불가능하다_x000D_휠체어 이용 장애인이 시외버스를 탑승하려면 기본적으로 활동지원사같은 동행인이 휠체어와 장애인을 함께 들어올려야 한다_x000D_저상버스 내 자동 리프트의 잦은 고장 자체도 문제지만, 많은 버스 기사가 휠체어 이용자가 탑승할 수 있게 리프트가 인도에 완전히 내려왔는지 확인하지 않는다_x000D_지난 2016년, 서울시는 국내에서 처음으로 '무장애 버스정류소'를 시행했는데, 이는 도로와 너무 가까워 휠체어가 진입할 공간이 없던 정류장에 휠체어 진입 공간을 충분히 마련했다는 점에서 호평을 받았다_x000D_협소한 장소 탓에 휠체어가 서 있을 수 없는 기존 정류장과 달리 휠체어가 서 있을 수 있는 공간을 만든 덕에 휠체어 이용 장애인이 편리하게 버스를 이용할 수 있다_x000D_"
128,"‘교통약자 이동권’ 지역마다 제각각장애인콜택시 기준 충족 ‘단 2곳뿐’저상버스 보급률, 농어촌은 10%대지방정부, 대체수단 모색에도 한계문경희 세종보람장애인자립생활센터 소장(앞줄 가운데)이 11일 대전시청 북문 앞에서 열린 ‘충청권 특별교통수단 광역이동체계 확립’을 촉구하는 기자회견에서 “장애인콜택시 법정 대수 도입과 휠체어 탑승 버스 운영을 확대해 장애인 이동권을 보장해달라”고 호소하고 있다_x000D_이를 파악하기 위해 지방자치단체들의 교통약자(장애인) 교통수단 확보·운영 현황을 살펴봤더니, 지자체별 격차가 커 균등하고 실질적인 이동권 보장을 위한 정부 차원의 고민과 대책 마련이 필요한 것으로 나타났다_x000D_■ 장애인콜택시 기준 충족 시·도 2곳교통약자 이동권 보장을 위한 수단으로는 장애인콜택시와 저상버스가 대표적이다_x000D_(국토교통부, ‘2020년도 교통약자 이동편의 실태 조사 연구’, 2021년 5월) 교통약자법에서는 보행장애 정도가 심한 장애인 150명당 1대꼴로 장애인콜택시를 확보하도록 규정하는데, 실제로는 180명당 1대꼴로 운용 중인 셈이다_x000D_■ 저상버스 도입률, 시-도 격차 커출입구에 계단이 없고 차체가 낮아 유아차를 끌거나 장애인들이 휠체어를 탄 채 탑승할 수 있는 저상버스는 2000년대 초반 서울과 경기도를 중심으로 도입되기 시작한 이래 꾸준히 퍼져, 전체 시내버스 30%가량을 차지한다_x000D_이와 관련해 김관동 충남도 교통정책팀장은 “국토부 저상버스 도입률 통계는 준공영제 기준인데, 시·도는 개별 운수업체가 운영하는 농어촌 버스가 대부분”이라며 “농어촌 도로 특성상 도로 굴곡과 요철이 심해 저상버스는 운행이 어렵고, 운행 비용도 일반버스보다 더 들어 업체에서 도입에 소극적일 수밖에 없다”고 말했다_x000D_위문일 전남도 도로교통과 주무관도 “22개 시·군 가운데 17개 군 지역엔 저상버스 도입 의무가 없는 농어촌 버스가 운행되고 있다”고 말했다_x000D_김상호 강원도청 교통복지팀장은 “대형 전기저상버스 1대 구매비가 2억3천만원인데 사업자가 1억원을 부담해야 한다”며 “사업자에게 장애인 이동권 보장 정책의 공공성을 알려 협조를 얻고 도와 시·군도 예산을 확보해 증차할 수 있었다”고 전했다_x000D_이와 관련해 울산시 버스택시과 쪽은 “예산도 10억원에 불과해 저상버스 확충에 애로가 있다”며 “도농복합지역이라 운행거리가 길고, 도로 상황도 여의치 않아 버스업체 쪽에서 운행을 기피하는 경향도 있다”고 말했다_x000D_■ 바우처택시·임차택시 등 대체수단도 장애인콜택시와 저상버스만으로는 모자라는 교통약자의 이동권 보장을 위해 세종·경남·경북 3곳을 제외한 14개 광역단체는 바우처택시·임차택시 같은 대체교통수단도 운영하고 있다_x000D_장애인 바우처택시는 일반택시로 영업을 하다 콜을 받으면 비휠체어 장애인을 태워 이동시켜주는 서비스로, 장애인에게 일정 횟수나 시간 이용권을 주고 지자체가 요금을 부담하는 방식으로 운영된다_x000D_바우처택시는 부산·대구·인천·강원·충남 등 10개 시·도가, 임차택시는 서울·광주·대전 등 10개 시·도가, 시각장애인 지원차량은 서울·경기 등 10개 지자체가 각각 도입해 운영 중이다_x000D_지자체마다 제각각인 교통약자 이동권 보장 수준을 전반적으로 제고하기 위해서는 중앙정부 차원의 노력이 필요하다는 목소리도 나온다_x000D_충북 청주의 인권단체 ‘인권연대 숨’의 이구원(32·가운데) 활동가가 지난달 12일 충북 오송역에서 장애인 이동권 보장을 촉구했다_x000D_"
129,"부산 저상 시내버스 10대 중 3대뿐…""탈시설 이뤄져야 자립""부산장애인자립생활센터총연합회가 제42회 장애인의 날인 20일 오후 부산시청 광장에서 '이동권 보장 촉구' 기자회견을 열고 있다_x000D_이들은 장애인에 대한 관심이 장애인의 날 단 하루에만 그쳐서는 안 되고, 1년 365일 장애인이 제대로 살아갈 수 있는 환경을 조성하는 데 힘써야 한다고 주장했다_x000D_부산장애인자립생활센터총연합회는 20일 오후 부산시청 광장에서 기자회견을 열고 ""비장애인 중심의 환경이 곧 장애인에 대한 차별""이라며 ""장애인과 비장애인이 자연스럽게 더불어 사는 통합된 세상을 만들어야 한다""고 밝혔다_x000D_"
130,"① 환승 때마다 진땀 빼는 지옥철역 밖으로 나갔다가 내려오기도 ② 부르기도 힘든 장애인 콜택시아침저녁 시간대 대기만 50분③ 도입 불가 노선 많은 저상버스경사 심해 아예 못 들어오는 노선도이민호 다릿돌장애인자립생활센터 권익옹호팀장이 19일 아침 대구 동구 안심역에서 내려 엘레베이터로 향하고 있다_x000D_여전히 장애인들은 지하철 환승에 진땀을 빼고, 수시로 고장 나는 엘리베이터(승강기) 앞에서 좌절한다_x000D_지난 19일 대통령직인수위원회(인수위)는 콜택시·저상버스 확대 등의 정책을 발표했지만 현재 장애인 콜택시는 운전 인력 부족으로 제때 배차가 안 되고, 정부와 지방자치단체의 저상버스 100% 도입 약속은 공염불이 될 가능성이 크다_x000D_수시로 고장 나는 승강기와 리프트를 마주하고, 환승할 때마다 멀리 떨어진 승강기를 찾기 위해 역 안팎을 헤매야 하기 때문이다_x000D_안씨는 동대문역에 설치된 장애인 전용 ‘수직형 리프트’도 피하고 싶다_x000D_수동으로 문을 열어야 하는 탓에 매번 리프트를 탈 때마다 역무원을 호출해야 하기 때문이다_x000D_안씨는 “기다리는 시간은 매번 다르지만 역무원이 자리에 없으면 10분 이상 기다려야 할 때도 있다”고 말했다_x000D_배재현(43)씨는 “노원역에서 환승할 때마다 밖으로 나갔다 다시 들어와야 하는데 지하철역 주변 도로 바닥이 깨져 있어서 휠체어 타기가 너무 힘들다”고 말했다_x000D_서울교통공사는 장애인들이 지하철 승하차 전에 역사에 전화해 이동식 안전발판 설치를 요청하면 지원하고 있지만, 발판을 설치해줄 역무원이 서비스를 요청한 장애인이 탄 열차 도착 시각을 제때 맞추지 못해 장애인이 발판 사용을 못 하는 경우가 많다_x000D_지하철 장애인 이동권 문제는 장애인뿐만 아니라 노인이나 임산부, 유아차 이용자 등 모든 교통약자의 ‘이동의 질’을 개선한다는 관점에서 풀어나가야 한다는 목소리가 나온다_x000D_그러나 장애인들은 보급률만 끌어올릴 게 아니라 실제 각 지자체에서 운영하는 교통약자 이동지원센터 내 운전 인력 충원이 시급하다고 말한다_x000D_교통약자 이동지원센터가 24시간 제대로 운영되기 위해선 중앙정부가 나서서 예산을 지원하고 지속적인 운영 사항 점검이 필요하다는 목소리가 나온다_x000D_정부와 지자체는 지난해 12월 ‘교통약자의 이동편의 증진법’(교통약자법) 개정으로 저상버스 도입이 의무화되면서 이제서야 실태 조사에 나섰다_x000D_고민언 서울시 버스정책과 버스운영팀 주무관은 “교통약자법 개정으로 저상버스 도입이 의무화되면서 예전보다 강화된 기준으로 불가능 여부를 따지려고 하는데, 아직까지 명시적으로 도입 불가 노선을 판정하는 기준은 없고, 이에 대한 해결책은 검토 중”이라고 말했다_x000D_박동국 국토부 생활교통복지과 주무관은 “현재 지자체별로 도입 불가 구간 확인을 요청한 상태”라고 말했다"
131,"부산 지하철의 틈…10cm 이상인 곳 31개 역사, 휠체어 바퀴 빠질 위험광역 이동의 요충지 대전…장애인이 탈 광역 저상버스는 없어대구 장애인 콜택시…'즉시콜'이라지만 '하염없는 기다림'광주 지하철…차단봉 설치 안 돼 사고 위험도편집자주 장애인단체인 전국장애인차별철폐연대(전장연)의 출근길 지하철 '휠체어' 시위는 장애인 이동권에 대한 사회적 논쟁을 불러일으켰다_x000D_CBS노컷뉴스는 정국 핵심 이슈가 된 시위 이유를 면밀히 분석하는 것을 넘어 사안을 전국적으로 확대해봤다_x000D_사각지대는 '환승'④장애인 '이동권'…배우고 일할 수 있는 '첫걸음'⑤'장애인 이동권' 지방이 서울보다 낫다?…'1역사 1동선' 격차도⑥콜택시, 승강장 칸 간격…장애인 이동권, 지역별로 취약점 달랐다(계속)전국장애인차별철폐연대(전장연) 등 장애인단체의 휠체어 투쟁이 21일 다시 시작된다_x000D_전장연의 주 활동 무대는 서울이지만, 장애인 이동권 문제는 비단 서울에만 국한되진 않는다_x000D_부산에 거주하는 장애인들은 ""부산은 곡선 노선이 많은 탓에 열차와 승강장 간격이 넓은 곳이 많아 휠체어 바퀴가 그 틈에 낄 위험이 크다""고 입을 모았다_x000D_부산에서 지하철을 자주 이용한다는 김원석씨 역시 ""서면역과 연산역은 열차와 승강장 사이 틈이 너무 넓어서 잘못하면 휠체어 바퀴가 빠져서 끼는 상황이 벌어져 자주 이용하지 않는다""고 밝혔다_x000D_'도시철도건설규칙'에 따르면 승강장과 열차 사이 간격이 10cm를 넘는 경우 발 빠짐 사고 등의 위험이 있다고 보고 안전발판 등 승객의 실족사고를 방지하는 설비를 설치해야 한다고 규정하고 있다_x000D_부산교통공사 측은 칸 간격이 넓은 18개 역사 230곳에 고무 발판을 설치했다고 밝혔다_x000D_대구 장애인 콜택시…'즉시콜'이라지만 '하염없는 기다림'지난 15일 오후 대구디자인진흥원에서 CBS노컷뉴스와 만난 이민호씨_x000D_대구 지역 장애인 콜택시인 '나드리콜'을 호출한 이씨는 ""오늘은 택시가 바로 잡히긴 어려울 것""이라고 말했다_x000D_30분, 1시간 시간이 지날수록 ""안 잡힌다"", ""기약 없다"", ""지하철 타고 가겠다""고 말하며 떠나는 이들도 더러 있었다_x000D_이씨는 ""상황이 이렇다 보니 휠체어를 탄 동료들끼리 어디라도 함께 가는 건 꿈도 못 꾼다""고 밝혔다_x000D_광주도시철도공사에 따르면 현재 광주 지하철에는 에스컬레이터 91대 중 단 6대에만 차단봉이 설치돼 있다_x000D_이밖에 광주 지하철 양동시장역은 지상에 엘리베이터가 없어 장애인 이동권에 취약한 것으로 나타났다_x000D_"
132,"""낙동강 생태공원 화장실 이용도 불편"" 지적울퉁불퉁 보행로 자료사진[촬영 차근호·재판매 및 DB 금지]    (부산=연합뉴스) 김재홍 기자 = 장애인의 날(4월 20일)이 하루 앞두고 부산에서도 장애인 이동권 개선을 요구하는 목소리가 높다_x000D_시민추진단 관계자는 ""16개 지자체 중 14개 지자체가 시설 개선을 긍정적으로 검토한다고 답했으나 나머지 2개 지자체는 회신조차 하지 않았다""고 설명했다_x000D_부산장애인자립생활센터와 사상구장애인자립생활센터는 이날 오전 부산 사상구 삼락생태공원 인근 화장실 앞에서 기자회견을 열고 삼락생태공원과 화명생태공원 화장실을 조사한 결과는 발표했다_x000D_"
133,"부산테크노파크(TP)는 기업 지원과 함께 ‘장애인 이동권 향상’을 위한 자체 기술개발 지원도 병행하고 있다_x000D_동구의 장애인 채용 플랫폼 스타트업 브이드림은 최근 74억 원 규모의 투자를 유치해 누적 투자금액이 100억 원대를 기록했다_x000D_이런 가운데 TP는 ‘장애인 이동권 향상’을 주제로 내부 프로젝트를 구성하는 작업을 하고 있다_x000D_19일 오후 부산 동구 브이드림 본사에서 부산테크노파크 김형균(사진 왼쪽) 원장과 브이드림 김민지 대표가 지산학브랜치 개소식을 마치고 기념사진을 찍고 있다_x000D_"
134,"지하철 모든 역사에 엘리베이터를 설치했을까?장애인 이동권 시위가 본격화되면서 ‘1역 1동선’이란 표현이 대두됐습니다_x000D_오이도역 사고 후 이명박 당시 서울시장은 2004년까지 서울시내 모든 지하쳘 역사에 엘리베이터를 설치하겠다고 공약했습니다_x000D_실제로 2003년부터 2006년까지 160여개 역사에 엘리베이터가 설치됐지만 약속한 ‘2004년까지’는 지키지 못했습니다_x000D_시간이 흘러 2015년, 고(故) 박원순 전 서울시장은 다시 2022년까지 서울시내 모든 지하철 역사에 엘리베이터를 설치하겠다고 약속했습니다_x000D_서울시는 2024년까지 신설동역, 까치산역, 대흥역을 제외하고 모든 지하철 역사에 엘리베이터를 설치한다는 계획을 가지고 있습니다_x000D_교통약자법에 따르면 국토교통부장관은 교통약자의 이동편의 증진을 위한 5년 단위의 계획을 수립해야 하고 계획에는 반드시 '저상버스 및 휠체어 탑승설비를 장착한 버스의 도입에 관한 사항'이 포함돼야 합니다_x000D_국토교통부는 2011년에, 5년 뒤인 2016년까지 전국의 저상버스 도입률을 41_x000D_전국 저상버스 도입률 통계2011년 국토교통부는 2012년부터 2016년까지 저상버스를 9594대 도입하려 했지만 실제 보급은 3621대밖에 되지 않았고 4565억원을 지원하려던 계획도 1659억원을 지원하는데 그쳤습니다2016년 12월, 국토교통부가 발표한 3차 증진계획 역시 제대로 지켜지지 않았습니다_x000D_국토교통부는 저상버스 도입률을 2021년이 되면 42%까지 끌어올리겠다고 밝혔지만 2020년 전국 평균 도입률은 27_x000D_하지만 정부가 목표로 설정했던 저상버스 도입률을 지키지 못한 것은 분명하고, 정부와 지자체가 20년 넘게 약속을 지키지 못했다는 비판은 피하기 어렵습니다_x000D_국토교통부는 강원, 충북, 충남, 전남, 경북 등 광역 5개 지자체는 도입 기준이 미달돼 2021년까지 특별교통수단 보급률을 100%까지 올릴 수 있도록 재정지원을 약속했습니다_x000D_"
135,"그걸 위해서 정부는 휠체어를 탄 채 안전하게 탈 수 있는 버스와 콜택시를 운영하고 있는데, 예전보다는 숫자가 늘었다고 하지만, 장애인들은 여전히 불편하다고 말합니다_x000D_[박현만/부산시 사상구 : 시간도 지체되고 제가 괜히 탔나 싶기도 하고_x000D_장애인 전용 콜택시 역시 부족하긴 마찬가지_x000D_최근에는 휠체어 장애인과 비장애인이 함께 이용할 수 있는 택시 서비스가 선보였습니다_x000D_]공공과 민간이 머리를 맞대 장애인 이동권을 폭넓게 보장할 수 있는 지원대책 마련이 절실합니다_x000D_"
136,"오는 5월 집권 여당이 되는 당의 대표가 ""시민을 볼모로 한다""며 장애인들의 이동권 보장 촉구 시위를 비난하고 나서면서 갈등을 조장하는 상황에 한국 사회는 어떤 해결책을 찾을 것인가_x000D_'장애인 이동권 보장 선진국'이라고 할 수 있는 핀란드도 1970년대 중증 장애인들이 국도를 휠체어를 끌고 이동하는 목숨을 건 투쟁 등을 통해 각성하기 시작했고 수십년에 걸쳐 제도를 개선해왔다고 한다_x000D_편집자  장애인 이동권 보장을 위한 핀란드 장애인 국회의원의 '투쟁' 핀란드에서 유학하던 시절 박사 논문 주제인 핀란드 의회와 시민 관계를 연구하면서 핀란드 최초의 녹색당 의원 중 한 명인 깔레 꾄꾈라(Kalle Könkkölä, 1950-2018)를 만나 인터뷰했다_x000D_그는 태어날 때부터 중증 신체 장애인으로 치열한 장애인 이동권 활동가이기도 했다_x000D_그러나 그 시절 핀란드 의회(Eduskunta) 의사당에는 휠체어 사용자를 위한 리프트나 램프 시설이 없었고, 그는 의회 입성 때부터 의회의 물리적 접근성 향상과 업무 지원 서비스 쟁취를 위해 계속 싸워야 했다_x000D_▲1970년대 Kynnys ry의 장애인 이동권 보장 요구 시위 장면_x000D_"
137,"부산교통공사는 114개 지하철 역사에 1기 이상의 엘리베이터를 설치해 1역사 1동선(지상에서 승강장까지 교통 약자가 다른 사람 도움 없이 이동할 수 있는 동선) 확보율 100%를 달성했다고 소개합니다_x000D_김 씨는 다음 열차가 도착하자 연단에 빠지지 않도록 휠체어 속도를 높여 탑승합니다_x000D_때로는 휠체어 앞바퀴가 연단에 부딪혀 튀어 오르기도 합니다_x000D_김승일 활동가가 전동 휠체어를 타고 지하철 연단을 건너는 모습_x000D_이세영 PD2호선 서면역에서 1호선으로 환승하는 과정도 휠체어 탑승자에게는 버겁습니다_x000D_[김승일 부산진장애인자립생활센터 활동가] “비장애인들은 무슨 약속을 한다든지 어딜 간다든지 하면 무엇을 입을까, 화장을 어떻게 할까 걱정하지만 저희는 전날부터 미리 동선을 다 짜야 돼요_x000D_이세영 PD대통령직인수위원회는 최근 장애인 이동권 향상을 국정과제로 정해 ‘배리어 프리’(Barrier Free)을 확대하겠다고 밝혔는데요_x000D_"
138,"본지, 활동가와 부산 안전 점검- 승강장-전동차 간격 10㎝ 초과- 환승역 포함 10곳 ‘이동권 침해’- 시각장애인 발빠짐 사고도 빈번모든 장애인이 아무런 도움 없이 이용할 수 있어야 하는 부산도시철도가 실제로는 곳곳에 지뢰처럼 깔린 연단간격(플랫폼-전동차 간 틈) 등으로 장애인의 실질적 이동권을 보장하지 못한다는 지적이 나온다_x000D_19일 오후 부산도시철도 연산역에서 전동 휠체어를 탄 김승일 장애인 활동가가 전동차 탑승을 위해 플랫폼과 전동차 간의 틈을 지나려 하고 있다_x000D_이날 김 활동가는 서면역 4-2 플랫폼, 연산역 1-2 플랫폼에서 탑승하던 도중 바퀴가 끼어 도움을 받아야 했다_x000D_김 활동가는 “이곳에 하차할 때는 속도를 내야 하다 보니 사람과 부딪힌 적도 적지 않았다”고 말했다_x000D_부산도시철도 114개 역사 중 연단간격이 10㎝를 초과하는 역은 서면역과 연산역을 포함해 모두 10곳(9%)이다_x000D_"
139,"시는 올해 24억원을 들여 171대의 저상버스를 추가 도입하고, 기존 대형버스뿐 아니라 중형버스까지 확대해 더 많은 교통약자들이 저상버스를 이용할 수 있도록 할 계획이다_x000D_"
140,"/사진제공=부산시[서울경제] 부산시는 대중교통 서비스 제고와 교통약자 편의증진을 위해 올해 저상버스 171대와 버스정보안내기 95대를 추가로 도입한다고 30일 밝혔다_x000D_조영태 부산시 교통국장은 “시는 장애인과 노약자, 임산부, 어린이 등 교통약자들이 안전하고 편리하게 대중교통을 이용할 수 있도록 교통약자 중심의 저상버스 도입을 확대하고 있다”며 “이와 함께 실시간 버스정보 안내 등 버스 이용시민들의 편의 증대를 위한 버스정보안내기 설치도 지속적으로 확대하겠다”고 말했다_x000D_"
141,"노금호씨가 전동 휠체어를 타고 서울역에서 대구행 KTX 열차에 탑승하고 있다‘덜컹_x000D_노씨는 서울에서 대구로 돌아가기 위해 열차에 탔다_x000D_리프트는 보행상 중증장애인(휠체어 사용자)이 열차 안까지 이동할 수 있도록 돕는 이동식 연결로다_x000D_열차에 올라탄 노씨는 곧장 장애인석에 전동 휠체어를 세웠다_x000D_KTX 특실 2호차의 1평 남짓한 화장실에 전동 휠체어가 가득 들어찼다_x000D_노씨와 전씨의 자리는 언제나 KTX 특실 2호차 맨 앞_x000D_전동 휠체어 사용자가 앉을 수 있는 자리는 열차 전체에서 이곳뿐이다_x000D_휠체어 사용자 두 명까지 한 열차에 탈 수 있단 의미다_x000D_휠체어 장애인 3명은 함께 탈 수 없는 기차모두가 노씨 같진 않다_x000D_진짜 문제는 휠체어 사용자 3명 이상이 함께 움직일 때 생긴다_x000D_울산 남구에 사는 휠체어 사용자 권명길(37)씨는 서울에 갈 때 일행 둘과 함께 KTX를 이용한 경험이 있다_x000D_“KTX 열차에 전동 휠체어 2대까지 타는 건 문제가 없어요_x000D_"
142,"특히 정의당 김영진 후보는 동부산의료원을 설립하겠다고 밝혔는데, 현재 논의되고 있는 제2보험자병원 설립 추진에 따른 우려를 잠재우고 부산시가 직접 책임지고 설립하겠다는 의미로 보여 더욱 긍정적으로 평가된다_x000D_박형준 후보의 아동 응급 병원과 시립 아동병원 설립 공약도 긍정적으로 평가된다_x000D_변성완 후보의 암치료자 에프터케어 행정 서비스 제공 사업은 간호간병통합서비스가 확대되는 정책의 흐름과 간병비 부담 등에 사회적 관심이 높은 상황을 고려할 때 시의적절한 사업으로 평가된다_x000D_사회적 돌봄을 강화하겠다는 의미의 구군별 정신장애인 그룹홈과 사회복귀이용시설 설치, 발달장애인 활동 보조 추가 지원, 발달장애인 주간 활동 서비스 지원 강화 공약은 더욱 적극적으로 추진될 필요가 있어 보인다_x000D_반면 박형준 후보는 사회적 돌봄과 관련한 공약이 보이지 않는다_x000D_박형준 후보는 의료서비스 관련한 정보통신기술(ICT) 공약이 많다_x000D_"
143,"김 후보는 부산교통공사를 확대한 '통합 대중교통 운영 공단'을 만들어 버스 완전 공영제를 실현하고 도시철도와 BRT 버스, 지선버스, 트램까지 통합적으로 운영해 시민의 이동권을 보장해야 한다""고 말했다_x000D_"
144,"[KBS 부산] [앵커] 6·1 지방선거 부산시장 후보들의 공약을 비교·분석하는 기획보도 두번째 순서입니다_x000D_부산 인구 절반 이상이 복지 혜택이 필요한 저소득층과 고령층, 이른바 '복지 수요자'인데요, 후보들에게 취약 계층을 지원할 대책을 물었습니다_x000D_민주당 변성완 후보는  특수고용과 플랫폼 노동자에게 고용보험을, 배달노동자에게는 산재보험금을 지원하고, 공공기관 비정규직을 모두 정규직으로 전환하겠다고 공약했습니다_x000D_정의당 김영진 후보는 청소나 보건 등 필수 업무 노동자의 실태를 파악해 지원하고,  비정규직 등에 고용과 산재보험금을 지원하겠다고 공약했습니다_x000D_KBS 부산 선거 보도 자문단은 후보들의 공약을 이렇게 평가했습니다_x000D_"
145,"(사진=부산시 제공) *재판매 및 DB 금지[부산=뉴시스]백재현 기자 = 부산시는 대중교통 서비스 품질 제고와 교통약자 편의 증진을 위해 올해 저상버스 171대와 버스정보안내기 95대를 추가로 도입한다고 29일 밝혔다_x000D_조영태 부산시 교통국장은 “시는 장애인과 노약자, 임산부, 어린이 등 교통약자들이 안전하고 편리하게 대중교통을 이용할 수 있도록 교통약자 중심의 저상버스 도입을 확대하고 있다”라며, “이와 함께, 실시간 버스정보 안내 등 버스 이용시민들의 편의 증대를 위한 버스정보안내기 설치도 지속적으로 확대해 나가겠다”라고 말했다_x000D_"
146,"장애인 이동권 체험 [연합뉴스 자료사진]    (부산=연합뉴스) 김선호 기자 = 부산시인권위원회는 17일 부산 시민의 3분의 1에 해당하는 이동약자의 이동권, 보행권을 보장하는 정책을 수립하라고 부산시에 권고했다_x000D_부산인권위는 이동약자의 보행자 보호구역 지정, 부산시민 보행환경 권리장전 실천을 위한 민관협력체 설치, 행정·공공기관 접근성 강화 등도 권고했다_x000D_"
147,"김해-삼각지역-천막 11시간 거리에서 ‘70번째 삭발’ 조효영 소장133명 장애인·비장애인 삭발투쟁‘장애인권리예산’ 보장 요구 삭발식 100일차를 맞은 30일 오전 9시께 서울지하철 4호선 삼각지역에서 박경석 전장연 상임공동대표가 발언하는 도중 뒤쪽으로 그동안 삭발식에 참여자들의 사진을 모은 펼침막이 보인다_x000D_그해 11월 돌아가신 어머니를 생각하면 조 소장은 지금도 가슴이 저민다_x000D_지난 7월14일 서울 지하철 삼각지역 승강장에서 70번째 삭발자로 나선 조효영(52) 김해장애인자립생활센터 소장_x000D_지난해 12월부터 출근길 지하철 시위와 삭발식 현장을 촬영하고 영상 편집을 담당하는 민아영(29) 전장연 활동가는 “이젠 이 삭발식을 중단할 수는 없게 된 것 같다”고 했다_x000D_23살부터 장애운동을 한 민 활동가는 최근 지하철 출근길 시위와 삭발식을 통해 지난 21년 동안 쌓여왔던 장애인 활동가들의 차별 저항 의지가 강하게 표출되는 것을 느낀다고 했다_x000D_"
148,"0% 줄어든 55조9천억원 규모로 편성했다고 30일 밝혔다_x000D_정부세종청사 국토교통부 전경수도권광역급행철도(GTX) 등 필수 교통망 확충과 선제적 안전관리 강화, 교통약자 보호 등 민생사업과 모빌리티 등 미래 혁신 사업에 투자를 확대한다는 방침이다_x000D_주거복지 분야는 주택도시기금 33조3천85억원과 주거급여 등 일반회계 2조7천238억원 등 총 36조원을 편성했다_x000D_주택구입·전세자금(융자) 예산은 올해보다 16% 늘어난 11조570억원으로 편성했다_x000D_국토부는 수도권 주민의 ‘30분 출퇴근’ 국정과제 실현을 위해 GTX 적기 준공을 착실히 지원한다_x000D_새로운 미래혁신 산업을 지원하기 위해 미래혁신에 1조5천461억원, 국토교통 연구개발(R&D)에 5천570억원을 투자한다_x000D_국토교통 분야 미래혁신 기술의 획기적 진보와 국민안전 확보를 지원하는 95개 R&D 사업에 5천570억원을 투입한다_x000D_"
149,"부산시 ‘대중교통 비전 2030’ 2008년 후 계속 40%대 그쳐 하단~녹산선·씨베이파크선 등 다른 이동수단과 연계 강화‘15분 도시’ 반영 버스 노선 개편 데이터 기반 관리 서비스 구축 스마트 교통환경도 본격 추진부산 도시철도 노선도_x000D_부산일보DB부산시가 ‘부산 도시철도망 구축 계획’ 상 우선순위에 있는 하단~녹산선, 씨베이파크(C-bay-Park)선, 노포~정관선, 강서선, 오시리아선을 2030년까지 구축하기로 했다_x000D_부산시는 이 같은 내용을 담은 ‘부산 대중교통 비전 2030’을 마련했다고 23일 밝혔다_x000D_이에 따라 ‘대중교통 친화형 15분 도시 조성’ ‘데이터 기반 안전·편리한 대중교통’ ‘친환경 교통체계 구축’ ‘혁신적 스마트 교통 환경 조성’ 등 4대 전략을 세웠고 구체적으로 11개 과제를 추진하기로 했다_x000D_부산시는 ‘데이터 기반 안전·편리한 대중교통’ 전략도 세우고 관련 과제도 추진한다_x000D_"
150,"국토부, 4차 교통약자 이동편의 증진계획(2022~2026년) 고시내년 1월 시내·농어촌·마을버스 대폐차 때 저상버스 도입 의무화정부가 오는 2026년까지 전국의 저상 시내버스 도입률을 62%까지 끌어올린다_x000D_아울러 국토부는 휠체어 승강 설비, 승강기, 경사로, 점자블록 등 교통약자의 이동편의 시설을 개선하는 한편 저상버스 운행에 적합하지 않은 도로와 정류장도 정비한다_x000D_이와 함께 올해 중 저상버스 171대를 추가 도입한다는 방침도 정했다_x000D_"
151,
152,"빈곤층·장애인 잇따라 극단 선택경제적 자립 지원·일자리 창출 실패기초생활수급자 정책 손질해야교통·보행약자 대책도 곳곳에 구멍김건희 여사가 8월 25일 오후 암·희귀병 투병과 생활고에도 불구하고 복지 서비스의 도움을 받지 못한 채 세상을 떠난 ‘수원 세 모녀’ 빈소를 찾아 조문하고 있다_x000D_연합뉴스추석 연휴의 마지막 날이었던 지난 12일 부산의 한 빌라에서 모녀가 사망했다_x000D_그런데도 이들은 기초생활수급자가 아니었다_x000D_윤석열 대통령은 8월 23일 생활고로 인해 극단적 선택을 한 것으로 추정되는 ‘수원 세 모녀 사건’을 언급하며 ‘정치복지’가 아닌 ‘약자복지’를 강조하면서 특단의 대책이 필요하다고 했다_x000D_"
153,"그는 9일 “전동휠체어를 타는 장애인은 시외 교통 수단을 이용할 수 없어 큰 문제”라며 “교통약자법 취지에 맞게 대한민국 어디든 장애인이 불편함 없이 원하는 시간에 갈 수 있었으면 좋겠다”고 말했다_x000D_이번 추석 명절에 휠체어 이용자가 탑승 가능한 시외·고속버스는 8대(서울↔강릉·서울↔부산·서울↔전주·서울↔당진), 4개 노선에 불과하고, 버스당 2좌석만 이용할 수 있다_x000D_9%)이 운영 중으로 1편성당 1량이 장애인 객차로 운영되고 있다_x000D_우정규 서울장애인차별철폐연대 정책국장은 “KTX가 간다 하더라도 저상버스나 장애인콜택시 등이 없어서 귀성을 포기하는 사례가 많다”면서 “KTX가 가지 않는 지방 도시는 시외버스로 이동해야 되는데 휠체어 승강시설(리프트)이 구비된 광역버스는 많지 않다”고 지적했다_x000D_휠체어 장애인에게 시내 이동 시 이용할 수 있는 저상버스와 장애인콜택시 도입은 법적으로 의무이지만 충분히 장애인의 이동권을 보장할 수 있을 정도로 충분히 운영되고 있지 않다_x000D_6%) 등은 저상버스 도입률이 매우 낮았다_x000D_2020년 기준 전국 지자체별 장애인콜택시 운영현황 자료를 보면 서울(30분), 전남(33분), 경남(35분)은 장애인"
