장애인,956
부산,345
후보,322
휠체어,292
교통,249
동권,249
서울,239
대표,214
사회,190
위해,170
국민,162
지원,151
윤석열,146
이용,140
보장,134
약자,133
기자,130
저상버스,128
문제,125
버스,124
운영,124
지역,123
시민,120
지하철,119
이준석,116
대한,112
전국,109
사람,107
차별,104
택시,103
부산시,103
시설,101
장애,101
사업,101
때문,100
정부,98
이동,97
도입,91
탑승,90
대해,88
민주당,88
정책,87
도시,85
의원,83
공약,83
대통령,83
편의,82
설치,82
생각,82
통해,81
센터,80
서비스,79
지금,79
고속버스,78
우리,76
확대,74
것,73
교육,73
이야기,72
지난,70
한국,67
광주,66
수,66
대선,65
말,64
얘기,64
활동,63
연대,62
선거,62
애인,61
도시철도,61
수단,60
예산,60
관련,60
무임,60
제공,59
부분,59
운행,58
개선,58
토론,58
단체,57
시위,57
지자체,57
경우,56
앵커,56
요구,55
대구,55
철폐,53
여행,52
환경,51
오후,51
승차,51
노동자,51
위원회,50
계획,49
시간,49
차량,48
지난해,48
시장,47
제정,47
타고,46
보행,46
기관,46
다른,46
문화,45
학생,45
청년,45
모든,44
복지,44
추진,44
거리,44
발표,44
사고,44
손실,44
사망,44
차별금지법,44
관계자,43
이후,43
투쟁,43
사진,43
당선인,43
연합뉴스,42
운전,42
권리,42
학교,42
참여,42
대상,41
높이,41
엘리베이터,41
상황,41
노선,40
현재,40
촉구,40
뉴스,40
현장,40
역사,40
이재명,40
정치,40
보도,39
국회,39
기업,39
김재원,39
확보,38
가운데,38
이상,38
리프트,38
코로나,38
작업,38
특별,37
장연,37
증진,37
가장,37
기사,36
모두,36
노인,36
이번,36
진행,36
불편,36
내용,36
개,36
공사,36
정청래,36
사실,35
국가,35
확인,35
시작,35
가지,35
서울시,34
경남,34
개발,34
이유,34
경제,34
국제,34
정의당,34
정도,34
노력,33
경기,33
마련,33
오늘,33
실제,33
