버스,457
장애인,395
교통,232
휠체어,211
부산,209
저상버스,187
서울,149
도입,124
운행,122
이용,115
약자,113
동권,96
부산시,93
지원,91
기자,91
위해,89
사업,89
계획,88
노선,87
전기,85
탑승,84
고속버스,80
후보,76
확대,76
운영,76
시내버스,75
지역,74
지하철,73
올해,70
예산,66
수소,64
정책,63
이동,63
편의,63
설치,62
트램,62
서비스,59
정부,58
대중교통,58
시설,57
택시,56
보장,54
지자체,54
전국,52
도시,51
사회,50
내년,48
대한,48
개선,48
말,48
국내,47
에디슨,47
때문,45
지난해,45
대해,44
안전,44
센터,44
시간,43
수단,43
시범,42
모터,41
문제,40
시민,40
시작,40
지난,39
경남,39
시장,39
남구,39
차별,38
제공,38
관련,38
마련,37
추진,37
구축,37
투입,37
오후,36
생각,36
사진,36
현재,35
수,34
보급,34
터미널,33
체계,33
시외버스,33
수준,33
공약,33
의원,32
경우,31
사람,31
대표,31
관계자,31
환경,31
지금,31
국토부,30
리프트,30
진행,30
시스템,30
통해,30
국민,30
모두,29
가장,29
도로,29
노인,29
연합뉴스,29
차량,29
장애,29
기준,29
충전,29
모든,29
확보,29
구간,28
국토교통부,28
뉴스,28
이상,28
전용,28
것,27
정도,27
다른,27
중인,27
설비,27
한국,27
역사,27
불편,26
최근,26
오전,26
시위,26
위원회,26
환승,26
울산,26
광역,26
아파트,26
실제,25
활동,25
서울시,25
의회,25
개,25
산업,25
미래,25
제정,25
민주당,25
철폐,24
애인,24
기술,24
평가,24
확인,24
주택,24
연대,23
시행,23
부분,23
이번,23
모델,23
생활,23
좌석,23
배터리,23
청년,23
기사,22
의무,22
승강장,22
예정,22
업체,22
발표,22
대구,22
경제,22
상황,22
이기대,22
요구,21
추가,21
복지,21
열차,21
회사,21
가운데,21
최초,21
도시철도,21
비롯,21
지속,21
공급,21
단체,20
우리,20
중심,20
문화,20
