,날짜,기사제목,기사내용
0,2021.10.27. 오전 9:38,"수영구, '2021 대한민국 도시대상 국토교통부 장관상' 수상","부산 수영구(구청장 강성태)는 국토교통부에서 실시한 대한민국 도시대상 평가에서 대도시 종합 2위로 ‘2021 대한민국 도시대상 국토교통부 장관상’을 수상했다.대한민국 도시대상은 국토계획법에 근거하여 전국 기초지자체 229개 도시를 대상으로 △도시사회, △도시경제, △도시환경, △지원체계 등 전반적인 도시의 지속 가능성과 생활 기반 수준을 평가하는 상이다.구는 전년도 부산시 기초지자체 중 최초 ‘대통령 상’을 수상함에 이어 2021년 대도시 종합 2위, 국토교통부 장관상을 수상해 ‘7년 연속 도시대상 수상’이라는 업적 달성과 함께 살기좋은 도시, 수영구의 명성을 이어나가게 되었다.수영구는 코로나19로 인한 어려움에도 구민들 삶의 질 향상을 위해 생활 SOC 사업인 ▲어린이도서관 ▲노인·장애인복지관 건립 등을 지속적으로 추진했고 망미동·수영동 내에 관내 낙후된 지역을 활성화하는 문화관광형 ▲스마트시티 사업 ▲비콘그라운드 ▲도시재생 뉴딜사업 등을 통해 현재와 미래가 공존하는 도시 조성에 집중했다. 문화·관광분야에서는 ▲광안리 SUP존 특화 운영 ▲펭수X광안리 프로젝트 등으로 코로나 안심 관광지 조성을 위해 노력했다.이외에도 ▲수영나들길 조성 ▲비점오염저감 시설 설치 등 환경친화 정책을 추진해 지속 가능한 도시발전을 위해 다양한 정책을 펼쳤다는 점에서 우수한 평가를 받았다.강성태 수영구청장은 21일 개최된 온라인 시상식을 통해 “2021년 대한민국 도시 대상 평가에서도 대도시 종합 2위로 선정되어 매우 자랑스럽다. 작년 '대통령 상'에 이어 전 공무원들의 노력과 18만 구민들의 성원에 힘입어 올해에도 값진 상을 수상하게 되어 너무 기쁘다. 아름다운 도시 행복한 수영을 만들기를 위해 더욱 최선을 다하겠다”라고 말했다. "
1,2021.10.26. 오후 3:05,"[부산소식] 부산교통공사, 직원 재능기부 봉사  등","[부산=뉴시스] (사진=부산교통공사 제공) *재판매 및 DB 금지[부산=뉴시스] 제갈수만 기자 = 부산교통공사는 취약계층의 안전한 겨울을 위해 주거환경개선 봉사활동을 펼쳤다고 26일 밝혔다.공사는 금정구장애인복지관과의 연계로 주거환경개선이 필요한 지역 장애인 17가구를 선정하고, 공사 설비공사처 직원 15명이 참여해 전기 배선 정리 및 LED 전등 교체 작업 등을 진행하는 재능기부 방식의 주거환경 개선을 지원했다.공사는 사회적 거리두기 장기화로 가정에 머무는 시간이 길어지면서 주거환경이 열악한 취약계층에 대한 관심이 어느 때보다 필요하다고 보고 직원들이 가진 기술을 살려 지역사회에 실질적으로 도움이 되는 사회공헌 활동을 지속적으로 전개할 계획이다.[부산=뉴시스] (자료=해운대구 제공) *재판매 및 DB 금지◇해운대 찾아가는 음악회 ‘힐링&폴링 콘서트’해운대구는 코로나19 장기화에 따라 주민을 위로하고 응원하고자 ‘해운대 찾아가는 음악회-힐링&폴링 콘서트’를 개최한다고 26일 밝혔다.이번 음악회는 사회적거리두기로 위축된 문화예술 활동을 지원하고 주민에게 문화향유 기회를 제공하고자 기획됐다.10월 1일 송정역, 2일 달맞이광장에서 열린 ‘가을날의 클래식 콘서트’를 시작으로, 오는 29일에는 반여동 별바라기 공원, 30일 반여2배수지 공영주차장, 11월 20일 해운대구 문화복합센터에서 ‘클래식과 재즈가 있는 거리 음악회’가 진행된다.참가 신청은 해운대구청 홈페이지 ‘통합예약’에서 하면 되고, 현장에서 참여할 경우 마스크를 착용해 1m 이상 거리를 두고 공연을 관람하면 된다."
2,2021.10.28. 오전 9:11,부산지하철 고장·사고 절반이 전동차 관련…검수 강화해야,"2호선 출입문·제동장치, 3호선 추진 장치는 특별점검 권고부산도시철도 1호선 전동차 [부산교통공사 제공=연합뉴스 자료 사진. 재판매 및 DB 금지]    (부산=연합뉴스) 민영규 기자 = 부산지하철에서 발생한 고장과 사고의 절반 이상이 전동차 관련 장애인 것으로 나타났다.    부산시는 지난 9월 6일부터 14일까지 부산교통공사, 한국철도차량엔지니어링 등 외부 전문가와 함께 부산도시철도 안전 특별 합동점검을 했다고 28일 밝혔다.     이번 합동점검에서는 2017년부터 최근 5년간 부산도시철도에서 발생한 고장과 사고 130건의 유형을 분석했다.    그 결과 출입문, 신호장치, 제동장치, 추진장치 등 전동차 관련 장애가 전체의 51.6%인 73건으로 가장 큰 비중을 차지하는 것으로 나타났다.     부산시는 이에 따라 전동차 검수 관리를 강화할 것을 요청하고 특히 고장이 잦은 2호선 출입문과 제동장치, 3호선 추진장치에 대한 특별점검을 권고했다.     부산교통공사의 안전사고 조사단 전담인력 충원과 예방점검 확대도 요구했다.     또 지난 8월 신평역에서 발생한 트롤리 탈선 사고와 관련해 재발 방지를 위해 같은 기종의 트롤리 사용을 금지하고 관리기준을 마련할 것을 권고했다.     시는 이와 함께 피뢰기 고장에 대비한 예방, 대응 매뉴얼 개선을 요구했다. youngkyu@yna.co.kr"
3,2021.10.17. 오전 10:42,"부산연구개발특구, ICT 기반 장애인 교통서비스 '착한셔틀' 도입","연구개발특구재단, 부산시, SKT 등 협력장애인과 기업 채용 매칭, 착한 일자리 확대 추진18일 부산시청에서 열린 민관협업 THE 착한일자리 도약 업무 협약식(왼쪽부터 차정훈 한국장애인고용공단 이사, 조영태 부산시 사회복지국장, 여지영 SKT 부사장, 서동경 연구개발특구진흥재단 부산특구본부장)부산연구개발특구에 장애인 출퇴근 교통서비스 '착한셔틀'이 도입된다. 지자체와 지역 연구개발(R&D)혁신기관, 대기업이 손잡고 추진하는 사회적 가치 창출 일환이다.연구개발특구진흥재단(이사장 강병삼)은 18일 부산시청에서 부산시, SKT, 한국장애인고용공단과 '민관 협업 THE 착한일자리 도약' 업무협약을 체결하고 착한셔틀 운영, 장애인 고용 우수기업 지원, 장애인 채용 박람회 개최 등에 협력하기로 했다.'THE 착한일자리 도약'은 장애인 고용 및 지원과 특구 R&D사업을 연계해 착한 일자리를 확산하고, 이를 기반으로 특구의 가치를 한단계 끌어 올리자는 의미다.협약 4개 기관·기업은 민관 협력 ICT 기반 출퇴근 셔틀 플랫폼 '착한셔틀'을 부산특구에 구축해 내년 1월 시범 운영한다.'착한셔틀'은 중증장애인 출퇴근 안전과 효율적 시간 관리를 위해 자택에서 근무지까지 태워주는 셔틀버스다. 1인당 월 2만5000원 자부담으로 이용할 수 있다.부산시는 승하차 보조원 채용을 지원하고 SKT는 셔틀 플랫폼 운영을 총괄한다. 부산특구본부는 특구 내 기업과 장애인 수요를 발굴하고 노선과 정류장에 적용한다.연구개발특구진흥재단은 지난 6월 SKT, 쿠팡 등과 '착한셔틀 얼라이언스'를 결성했다. 이번 부산특구 착한셔틀 도입은 후속 사업의 일환이다.4개 기관·기업은 특구 R&D 우수기업과 장애인 연결, 장애인 채용 우수기업 지원 등 착한 일자리 창출에 협력하고 이를 위한 민관 합동 지원체계도 구축하기로 했다.18일~31일까지 2주간 민관협업 지역 상생프로젝트로 '2021 부산 장애인 온라인 채용박람회'를 개최한다.부산특구본부는 박람회에 노바인터내쇼날, 코렌스EM, KOC전기 등 특구내 장애인 우수 고용기업 4개를 추천하고, 채용 활동을 전폭 지원한다. 박람회는 특구 추천 기업을 포함해 50개 기업이 참가해 장애인 1000여명과 원격 채용 상담을 진행한다.부산특구본부는 특구 첨단기술기업의 장애인 채용 확대를 위해 고용 실적 우수기업을 별도 선정해 공공기술 이전, 기술 사업화 지원 혜택을 제공할 방침이다.서동경 부산특구 본부장은 “부산특구 착한셔틀 운영은 전국 5개 특구 가운데 첫 시도로 착한셔틀 전국 확산 계기가 될 것”이라며 “부산시와 협력해 연구개발특구에 착한 일자리 확산과 착한 도약의 롤 모델을 만들겠다”고 말했다."
4,2021.10.19. 오전 10:55,"장애인 통근 돕는 '착한셔틀', 더 안전해진다…최신 ICT 기술 도입","기사내용 요약부산시, 광역지자체 최초 착한셔틀 추진…업무협약 체결SKT, T맵·손모형 IoT 기기 등 활용해 효율성·안전성 높여지난 18일 부산시청에서 착한셔틀 시범사업을 골자로 하는 '민관 협업 더 착한일자리 도약' 업무협약이 체결되고 있다. 왼쪽부터 한국장애인고용공단 차정훈 고용촉진이사, 부산시 조영태 사회복지국장, SKT 여지영 오픈콜라보담당, 연구개발특구진흥재단 부산연구개발특구 서동경 본부장. (사진=SKT 제공) *재판매 및 DB 금지[서울=뉴시스]윤현성 기자 = 중증장애인 근로자의 출퇴근을 돕는 '착한셔틀'에 최신 ICT 기술이 도입돼 더 안전하고 편리한 서비스가 제공된다.SK텔레콤은 지난 18일 부산시청에서 부산시·한국장애인고용공단·연구개발특구진흥재단과 내년도 착한셔틀 시범사업 등을 골자로 하는 '민관 협업 더 착한 일자리 도약' 업무협약을 체결했다고 19일 밝혔다.이번 업무협약은 부산지역 장애인 근로자들의 안전하고 편리한 이동권 지원을 위한 협업에 초점을 뒀다. 중증장애인 근로자의 자택 앞에서 근무지까지 운행하는 '도어 투 도어'(Door to Door) 셔틀버스 서비스인 착한셔틀은 대중교통 이용이 어려운 장애인 근로자의 출퇴근 안전과 효율적인 시간관리를 지원한다. 지난해 성남시 시범사업을 거쳐 이번에 광역 지방자치단체 최초로 부산시에서 사업화를 추진하게 됐다.SKT는 T맵 데이터를 분석해 착한셔틀에 최적의 안전경로를 제공하는 기술을, 한국장애인고용공단은 위치확인 보조공학기기인 스마트지킴이를 각각 지원하기로 했다. 모두의셔틀은 실시간 차량 위치 및 좌석을 확인하고 탑승 예약을 할 수 있는 솔루션을 제공한다.이외에도 SKT는 셔틀 운행에 최적화된 자동 배차 엔진 TMS를 착한셔틀에 적용하고, 탑승객·승하차보조원·운전기사 전용 앱을 각각 제작해 실시간 정보 공유를 지원한다. 탑승객에 지급되는 손목형 IoT 기기 스마트지킴이를 활용해 이동 중 넘어짐·낙상을 감지하는 등 안전 조치도 강화했다.이번 부산시 착한셔틀 시범사업에서는 지역 주민들과 이용고객들이 직접 참여해 홍보 영상 제작과 크라우드 펀딩 등 민관협업 형태의 배리어프리 챌린지도 진행할 예정이다.여지영 SKT 오픈콜라보담당은 ""교통약자들도 마음 편히 일할 수 있는 사회에 기여하기 위해 ICT 기반의 착한셔틀 서비스를 지속 고도화하고, 서비스 확산을 위한 다양한 협업을 추진할 계획""이라고 했다．"
5,2021.10.18. 오후 5:38,부산연구개발특구 장애인 출퇴근 지원 '착한셔틀' 도입,"전국 최초 시범 추진…집에서 근무지까지 셔틀버스 지원18일부터 장애인 일자리 박람회 개최 …50개 기업 참가(부산=연합뉴스) 신정훈 기자 = 연구개발특구진흥재단 부산특구본부는 장애인을 위한 민관협업 지역 상생 프로젝트의 하나로 장애인 출퇴근 지원사업인 '착한셔틀'을 전국 최초로 부산지역에 시범 도입한다고 18일 밝혔다.    착한셔틀은 도움 없이는 대중교통 이용이 어려운 중증장애인 출퇴근 안전과 효율적인 시간 관리를 위해 자택 앞에서 근무지까지 셔틀버스를 지원하는 민관 협력 사업을 말한다.    시범사업 지원 대상은 부산연구개발특구 소재 기업 중증장애인 근로자이다.    부산특구본부와 장애인고용공단, SKT, 부산시, 이동의 자유, 모두의 셔틀 등이 다자협약을 통해 참여한다.[부산특구본부 제공]    부산특구본부는 기업수요 발굴과 연계, SK텔레콤은 총괄 지원, 부산시는 승하차 보조원 채용 지원, 장애인고용공단은 출퇴근 비용(월 5만원 한도) 지원을 담당한다.    부산특구본부는 또 18일부터 2주간 온라인으로 장애인 일자리 창출 및 지원을 위한 '2021 부산 장애인 채용 박람회'를 개최한다.부산 장애인 온라인 채용박람회 오프닝[부산특구본부 제공]    부산특구본부, 부산시 장애인 일자리종합지원센터, 부산경영자총협회, 장애인고용공단 부산본부가 합동으로 마련한 이번 박람회에는 50개 기업이 참여했다.    그동안 매년 오프라인으로 진행됐지만, 신종 코로나바이러스 감염증(코로나19) 확산으로 지난해에 이어 올해도 비대면 온라인으로 열린다. sjh@yna.co.kr"
6,2021.10.21. 오후 5:23,"부산시, ""남구, 보행 친화 도시 추진""","박형준 시장, 15분 도시 남구 조성 정책 방향 설명과 주민 소통 ◆…박형준 부산시장이 21일 오전 남구를 방문해, 남구의 현안을 살피고, 15분 도시 남구 비전을 제시했다.[사진=부산시 제공]부산시가 남구에 청년 갈맷길을 조성하는 등 15분 생활권, 보행 친화 도시 비전을 제시했다.   박형준 부산시장은 21일  ‘15분 도시 부산 비전 투어’의 그 아홉 번째 방문지로 남구를 방문해, 보행환경 개선을 통해 보행권익을 증진하는 15분 생활권 부산과 남구를 만들겠다고 포부를 밝혔다.   현재 부산시는 시민 모두가 15분 내 일상생활이 가능한 부산을 만들고 인공지능(AI)기술이 녹아든 도시 환경을 구축해 탄소중립 그린스마트 부산을 실현한다는 목표로 ‘15분 도시 부산’ 정책을 추진하고 있다.   이날 박 시장은 부경대 대연캠퍼스 내 ‘평화와 청년문화의 길’ 조성 예정 구간을 방문해 갈맷길을 걷고, 도심 갈맷길 조성 사업 추진을 통해 15분 생활권을 위한 보행친화도시 부산을 만들겠다는 비전을 밝혔다.   이후 부경대 대연캠퍼스에서 남구민을 만나 ‘15분 도시 부산’ 비전을 직접 설명하고 지역 실정에 맞는 15분 도시 조성을 위해 주민의 목소리를 담아내고자 ‘남구민과의 행복토크’ 시간을 가졌다.   이 자리에는 사회적 거리두기 단계를 준수해 박재범 남구청장, 15분 도시 공감정책단, 남구민 등 30명이 함께 했다. 방역수칙에 따라 현장에 자리하지 못한 주민 등 60여 명은 줌(ZOOM)을 통해 온라인으로 행복토크에 참여했다.   박 시장은 남구민과 만난 자리에서 “15분 도시 조성을 위해 중요한 사항은 바로 이동에 관한 것”이라며, “인공지능 스마트교통체계 도입, 퍼스널 모빌리티 확산 등으로 불필요한 교통체증을 해소하는 것도 필요하지만 시민 모두를 위해서 보행환경 개선을 통한 보행권익 증진이 무엇보다 우선해야 할 것”이라고 말했다.   이어 “기존 자연과 연계된 700리 갈맷길에 도심 속 300리 걷기 좋은 길을 추가해 누구나 걸어서 편리하고 쾌적하게 이동할 수 있는 환경을 만들 것이며, 이를 위해 신규 15개 노선을 중심으로 장애인, 노약자도 쉽고 편하게 걸을 수 있는 보행환경을 조성하고 노선별로 테마를 지정해 스토리가 있는 도보 관광이 가능하도록 조성할 것”이라고도 밝혔다.   덧붙여 “남구에는 지역의 역사와 특색을 반영해 청년, 평화, 미식, 산업을 테마로 도심갈맷길을 조성 추진 중이다. 특히, 오늘 제가 걸어봤던 ‘평화와 청년문화의 길’에는 증강현실(AR) 기반 스마트거리, 대학로 디자인 거리, 공원 내 스마트 공원길 등 도심길에 미래 기술을 도입하고 디자인 거리를 조성하는 등 청년과 지역민이 모두 편리하고 편안하게 이용할 수 있는 도심 갈맷길을 조성하겠다”라고 강조했다.   이어서 박 시장은 핵심 공약인 ‘15분 도시 부산’에 대해 직접 설명하고 참석한 구민들의 의견도 청취했다.   박 시장은 ‘15분 도시 부산’을 설명하면서 “이 정책은 도시에서 살아가는 부산시민들의 행복을 어떻게 실현하고 삶의 질을 향상할 수 있을까 하는 고민에서 시작됐다”고 소개했다. 그리고 “촘촘하게 구축한 생활 인프라를 통해 시민들이 대부분 생활을 근거리에서 할 수 있도록 해, 삶의 여유를 되찾고 나아가 지속 가능한 지구 환경조성을 위해 탄소중립, 그린 스마트 도시를 구현해가자는 것이 15분 도시 부산의 핵심 사항”이라고 전했다.   이어 “남구는 ‘다이나믹 부산’에 걸맞은 역동적인 젊은 도시다. 많은 대학이 있어 청년들이 모이고 부산항, 국제금융단지를 중심으로 활발한 경제활동이 이뤄지는 도시”라며, “남구의 도시 특색에 맞는 15분 도시 정책은 무엇일지 4개 생활권역(문현, 대현, 우암・감만, 용호)을 기준으로 꼼꼼히 분석해서 부족한 부분을 채우고 생활SOC간 기능이 연계될 수 있도록 추진하겠다”고 말했다.   마지막으로 “15분 도시의 성공적인 추진을 위해서는 시민들의 적극적인 관심과 지지가 필요하다”며, “15분 도시 정책에 시민 한분 한분의 행복을 담을 수 있도록 여러분께서는 각자의 생활권역에 더욱 관심을 두고 돌아봐 주시길 바란다”고 당부했다.   이날 남구 주민들은 박 시장에게 오륙도선 트램 조기착공, UN기념공원 경관지구 해제, 대연3동 용소부락지 내 소방도로 개설, 문현고가교 철거, 용호2동 복합청사 건립, 용당동 복합청사 건립, 부산국제금융센터 3단계 추진시 공공기관 추가 이전, 외대 부지 공영개발 추진 등 지역 현안을 건의했다.   한편, 박형준 부산시장은 지난 6월부터 부산시 각 구·군을 방문해 시민들을 만나 대화를 나누고 지역 현안을 청취하는 등 ‘15분 도시 부산’을 조성하는 아이디어를 얻고, 지역 숙원사업 및 부산시 장기 미해결과제 등을 시민과 함께 풀어나가기 위해 노력 중이다. 올해 연말까지 아직 방문하지 않은 7개 구·군을 찾아가 시민과의 소통, 협치를 이어갈 계획이다.		"
7,2021.10.16. 오후 5:28,"부산연구개발특구, ‘장애인채용+착한셔틀+기술사업화’ 추진 협약"," *재판매 및 DB 금지 [부산=뉴시스] 허상천 기자 = 부산연구개발특구본부(이하 ‘부산특구본부’)는 부산연구개발특구 추천기업을 비롯한 부산지역 장애인 채용을 희망하는 기업과 장애인의 일자리 및 출퇴근을 지원하는 민관합동 지원체계를 구축, 본격 추진한다고 16일 밝혔다.부산특구본부가 지난 6월 SK텔레콤·쿠팡 등과 체결한 ‘착한셔틀 얼라이언스’에 부산시의 ‘2021 부산 장애인 채용박람회’를 연계해 전국에서 첫 민관협업 지역 상생프로젝트를 도입키로 한 것이다. 착한 셔틀버스 운행 도움없이는 대중교통 이용이 어려운 중증장애인의 출퇴근 안전과 효율적인 시간관리를 위해 자택 앞에서 근무지까지 셔틀버스를 지원하는 민관 협력 사업이다. 부산특구 착한셔틀 시범사업은 ‘착한셔틀 얼라이언스’의 전국 확산을 위해 지난 6월 체결한 업무협약 후속으로 전국의 연구개발특구 중 부산연구개발특구 지역에 처음으로 도입될 예정이다.착한 사업화로 특구 장애인 우수 고용기업 지원 부산특구본부는 R&D역량이 우수한 첨단기술기업 등 장애인 우수 고용기업을 지속적으로 발굴, 특구기업을 대상으로 공공기술 연계 및 사업화 지원 등 기술사업화를 지원한다.이번에 부산특구본부에서 추천한 4개 기업 중 ㈜노바인터내쇼날은 지난 7월 고용노동부의 일자리 으뜸기업으로 선정되는 등 지역일자리 창출 및 장애인 우수 고용기업이다.착한 일자리 채용박람회 부산시는 위드 코로나19 시대를 맞아 비대면 취업전략을 통해 실질적인 장애인 취업 성과를 창출하기 위해 18일부터 2주간 2021 부산 장애인 온라인 채용박람회를 개최한다. 장애인 채용박람회는 부산특구본부·부산경영자총협회·한국장애인고용공단 부산본부와 합동으로 50개 기업이 참여하고, 일자리를 희망하는 부산지역 내 1000명 이상 참여할 것으로 예상하고 있다.기업의 장애인 고용 촉진과 장애인 일자리 나눔을 위해 매년 오프라인으로 진행하던 박람회를 작년부터 비대면 온라인 방식으로 진행해오고 있다.부산특구본부 서동경 본부장은 “부산특구가 착한셔틀의 전국적 확대를 위한 5개 특구 중 첫 시범추진 사례로, 지자체와의 협업을 바탕으로 장애인의 일자리 지원에서 교통 지원까지 민관협력 상생의 우수사례가 탄생했다”라며 “공공기술 사업화를 통한 지역경제 활성화와 함께 착한셔틀 시범사업을 추진해 부산시의 배리어 프리(Barrier Free} 정책과 발맞춰 특구 지역의 쾌적한 연구환경 조성에도 힘쓰겠다”고 말했다."
8,2021.10.20. 오전 2:05,"“IT로 장애인 생활 개선 도와요” KT·SKT, 교육콘텐츠 등 지원","KT, 직장예절 VR콘텐츠 선보여 SKT, 안전 이동 ‘착한셔틀’ 서비스   19일 서울 영등포구 한국장애인고용공단 서울남부발달장애인훈련센터에서 한 발달장애인이 가상현실(VR)기계를 쓰고 직장생활을 간접체험할 수 있는 KT의 교육콘텐츠를 보고 있다. KT 제공    이동통신사들이 장애인의 생활 개선을 위해 VR(가상현실)와 모빌리티 등 정보기술(IT)을 접목한 서비스 지원에 나서고 있다.  KT는 19일 발달장애인을 위한 VR 직장예절 교육 콘텐츠를 개발해 한국장애인고용공단 서울남부발달장애인훈련센터에서 시연회를 열었다.  발달장애인 VR 직장예절 교육은 발달장애인이 직장생활을 하면서 겪을 수 있는 일상과 함께 주변인과의 관계 형성에 도움이 될 만한 다양한 직장예절을 담고 있다. 이날 시연회에서는 출근을 앞두고 있는 발달장애인들이 VR기기를 쓰고 실제 직장과 같은 가상 환경 속에서 직장예절을 체험했다.  이선주 KT ESG경영추진실장 상무는 “장애인들이 우리 사회의 소중한 일원으로 자리 잡을 수 있도록 슬기로운 직장생활 지원할 것”이라고 밝혔다.  SK텔레콤도 전날 부산광역시와 ‘더 착한 일자리 도약’ 업무협약을 체결하고 부산에서 첫 ‘착한셔틀’ 서비스를 선보인다. 지난해 10월 처음 선보인 착한셔틀은 타인의 도움 없이 대중교통 이용이 어려운 장애인 근로자의 자택 앞에서 근무지까지 운행하는 셔틀버스 서비스다. SK텔레콤은 T맵 데이터를 분석해 최적의 안전경로를 제공하는 기술을, 한국장애인고용공단은 위치확인 보조공학기기인 스마트지킴이를 지원한다.  여지영 SK텔레콤 오픈콜라보담당은 “교통약자들도 마음 편히 일할 수 있는 사회에 기여하기 위해 착한셔틀 서비스를 지속 고도화할 계획”이라고 말했다."
9,2021.10.17. 오후 12:02,‘부산 장애인 채용박람회’ 18일 개막,"부산시는 18일부터 29일까지 ‘2021 부산 장애인 온라인 채용박람회’를 개최한다고 17일 밝혔다.이번 박람회는 코로나19 사태로 변화하는 채용 환경에 적극 대응하고, 다양한 취업 기회 제공을 통해 실질적인 장애인 취업 성과를 창출하기 위해 마련했다. 기업의 장애인 고용 촉진과 장애인 일자리 나눔을 위해 매년 대면 방식으로 진행하던 박람회는 지난해부터 온라인 방식으로 연다.박람회에는 시와 부산경영자총협회, 한국장애인고용공단 부산지역본부, 연구개발특구진흥재단, 50개 기업 등이 참여해 140여명을 신규 채용할 계획이다.올해는 온라인 환경에 취약한 장애인 구직자를 위해 비대면 화상 면접 체험과 일자리 상담, 동반 면접 지원 등 오프라인 서비스를 병행해 강화한 개인별 맞춤 서비스를 시행할 계획이다.구직을 희망하는 장애인은 홈페이지와 모바일로 접속하면 구직희망 기업 신청이 가능하다. 채용박람회 홈페이지를 방문하면 가상현실(VR)을 통한 면접 교육과 온라인 취업특강 등 변화된 채용환경에 대비한 비대면 상담 서비스도 이용할 수 있다.아울러 부산시는 장애인 채용박람회와 연계해 중증장애인 근로자의 이동권을 확보하는 ‘착한셔틀’ 사업을 시범 도입한다. 정보통신기술(ICT)에 기반한 도어 투 도어(문전) 방식의 착한셔틀은 누군가의 도움 없이는 대중교통 이용이 어려운 중증장애인의 출퇴근을 위해 자택에서 근무지까지 셔틀버스를 지원하는 민관 협력 사업이다.이와 관련해 부산시와 한국장애인고용공단·연구개발특구진흥재단·SK텔레콤 등은 18일 오후 2시 부산시청에서 ‘민관협업 THE 착한일자리 도약 업무협약’을 체결한다.박형준 부산시장은 “SK텔레콤·쿠팡·부산특구본부 등이 참여한 ‘착한셔틀 얼라이언스’와 협업해 장애인 구인구직에서부터 출퇴근 이동 지원까지 제공하는 전국 첫 민관협업 지역 상생 프로젝트가 탄생했다”면서 “경쟁 노동시장에서 직업 활동이 곤란한 중증장애인의 안정된 일자리 창출과 사회통합 기반을 조성 노력에 최선을 다하겠다”고 말했다.		"
10,2021.10.18. 오전 4:07,‘부산 장애인 채용박람회’ 오늘 개막,"민관협업 THE 착한일자리 협약 체결50개 기업 참여 140여명 신규채용부산시는 18일부터 29일까지 ‘2021 부산 장애인 온라인 채용박람회(포스터)’를 개최한다고 17일 밝혔다.시와 부산경영자총협회, 한국장애인고용공단 부산지역본부, 연구개발특구진흥재단, 50개 기업 등이 참여해 140여명을 신규 채용할 계획이다.올해는 온라인 환경에 취약한 장애인 구직자를 위해 비대면 화상면접 체험과 일자리 상담, 동반면접 지원 등 오프라인 서비스를 병행해 강화한 개인별 맞춤 서비스를 시행한다. 구직을 희망하는 장애인은 홈페이지와 모바일로 접속해 구직희망 기업에 신청할 수 있다. 채용박람회 홈페이지를 방문하면 가상현실(VR)을 통한 면접 교육과 온라인 취업특강 등 변화된 채용환경에 대비한 비대면 상담 서비스도 이용할 수 있다.아울러 부산시는 장애인 채용박람회와 연계해 중증장애인 근로자의 이동권을 확보하는 ‘착한셔틀’ 사업을 시범 도입한다. 정보통신기술(ICT)에 기반한 도어투도어 방식의 착한셔틀은 누군가의 도움 없이는 대중교통 이용이 어려운 중증장애인의 출퇴근을 위해 자택에서 근무지까지 셔틀버스를 지원하는 민관 협력사업이다. 이와 관련해 부산시와 한국장애인고용공단·연구개발특구진흥재단·SK텔레콤 등은 18일 부산시청에서 ‘민관협업 THE 착한일자리 도약 업무협약’을 체결한다.박형준 부산시장은 “SK텔레콤·쿠팡·부산특구본부 등이 참여한 ‘착한셔틀 얼라이언스’와 협업해 장애인 구인구직에서부터 출퇴근 이동 지원까지 제공하는 전국 첫 민관협업 지역 상생 프로젝트가 탄생했다”면서 “경쟁 노동시장에서 직업 활동이 곤란한 중증장애인의 안정된 일자리 창출과 사회통합 기반을 조성 노력에 최선을 다하겠다”고 말했다.		"
11,2021.10.07. 오전 9:06,119안심콜 가입률 13년째 '1%'…장애인·고령자 더 저조,"[국감브리핑] 부산·울산·광주·대전 등 광역시 가입률 평균 이하오영훈 ""골든타임 확보, 국가책임제로 해 안심콜 확대해야""오영훈 국회의원(제주 제주시 을·더불어민주당).2021.6.1/뉴스1 © News1 오미란 기자(서울=뉴스1) 한재준 기자 = 응급환자의 골든타임을 확보하기 위해 도입된 '119 안심콜' 서비스 가입률이 13년째 1%대에 불과한 것으로 7일 나타났다. 거동이 불편한 장애인·고령자 가입률은 전국 평균 가입률보다 낮아 제도가 유명무실화하는 게 아니냐는 지적이 나온다.국회 행정안전위원회 소속 오영훈 더불어민주당 의원(제주시을)이 이날 소방청으로부터 제출받은 '119 안심콜 서비스 등록 현황' 자료에 따르면 지난해 기준 안심콜 서비스 누적 등록자는 총 54만1213명으로 전체 인구 대비 1.04%인 것으로 조사됐다.119 안심콜 서비스는 위급상황에서 구급대원이 환자의 질병과 특성, 위치 등을 미리 알고 출동해 골든타임을 확보할 수 있도록 돕는 것으로 지난 2008년에 도입됐다.하지만 도입 13년째인 지금도 가입률이 1%대 수준에 머물렀다. 특히 광역시인 부산(0.74%), 울산(0.30%), 광주(0.51%), 대전(0.64%) 등은 인구 대비 119 안심콜 가입률이 전국 평균치를 밑도는 것으로 조사됐다.거동이 불편한 장애인, 고령자의 가입률도 낮았다. 지난해 기준 우리나라 장애인 인구는 263만3026명인데 119 안심콜 가입자는 1만4740명으로 0.56%에 불과했다. 고령자 가입률도 0.41%로 집계됐다.119 안심콜 가입률이 저조하지만 서비스 가입자의 이용 건수는 증가추세인 것으로 나타났다.지난해 119 안심콜 서비스 이용자는 31만3488명으로 전년(28만7917명) 대비 3.1%p 증가한 것으로 나타났다. 지난 2018년(27만9335명)과 비교하면 12.2%p 증가한 수치다.오 의원은 ""119 안심콜 서비스는 우리 국민의 생명과 안전에 직결되는 매우 중대한 문제로 장애인 및 고령자 등 거동이 불편한 교통약자들의 골드타임을 확보를 위해서는 반드시 활성화해야 한다""며 ""119 안심콜 확대를 위해 사고를 당한 국민의 골든타임 확보를 국가책임제로 분명하게 해야한다”고 강조했다.이어 ""119 안심콜 서비스 시행 후 관련 예산 확보와 전담 인력을 배치하지 않은 것이 유명무실 제도로 비판받는 이유 중 하나""라며 ""2022년 예산에 반영될 수 있도록 도울 것""이라고 덧붙였다.		"
12,2021.10.07. 오전 3:03,"고령 운전자 교통사고 사망자, 전체의 46%","[속도에서 생명으로]〈13〉고령자 교통사고 줄이자2019년 고령인구 비율의 3배 수준… “돌발상황 대처 힘들어 치명률 높아”야간 운전 금지-최고속도 제한 등조건부 운전면허 제도 도입 논의… “고령자 운전권-사고예방 조화 필요”2017년 일본 도야마시 자동차 강습소를 찾은 노인들이 운전면허 갱신을 위해 시뮬레이터 도로주행 검사를 치르고 있다. 일본은 2019년부터 운전면허를 갱신하려는 75세 이상 고령 운전자를 대상으로 사전 강습 예비 검사를 의무화하고 검사에 응하지 않을 경우 면허를 취소하도록 법을 개정했다. 동아일보DB지난달 7일 부산 부산진구 삼전교차로. 버스전용차선에서 비틀거리며 달리던 흰색 차량이 중앙분리대를 부수고 반대편 차로로 돌진하더니 마주 오던 승용차, 마을버스와 충돌했다. 이 사고로 9명이 다치고 차량 5대가 부서졌다. 운전자는 86세 고령이었다. 지난달 29일 부산역에서는 81세 남성이 몰던 택시가 인도를 침범해 역과 연결된 승강기를 들이받았다. 7월 서울 마포구에서는 70대 운전자가 몰던 차량이 상가 건물로 돌진해 행인을 치는 사고도 있었다.○ 사고 시 고령자 치명률, 젊은층보다 높아고령 운전자가 해마다 늘면서 운전자의 신체기능 저하 등에 따른 교통사고 우려가 커지고 있다. 우리나라는 2017년 65세 이상 인구가 전체 인구의 14% 이상인 고령사회가 됐다. 2025년이면 20%를 넘는 초고령사회로 진입할 것으로 보인다. 한국교통연구원에 따르면 고령 운전자인 65세 이상 면허 소지자는 2025년 618만 명에서 2040년 1895만 명까지 증가할 것으로 예상된다. 도로교통공단 교통사고 분석시스템(TAAS)에 따르면 2016년 2만4000여 건이었던 고령 운전자 교통사고 건수는 2018년 3만 건을 넘어섰다. 지난해에는 3만1000여 건을 기록했다. 한국교통안전공단 관계자는 “고령 운전자는 반응 속도가 상대적으로 느리고 돌발 상황에 대처하는 능력이 다소 떨어진다”며 “빠른 대처가 어렵다 보니 교통사고 치명률도 다른 연령대보다 높은 편”이라고 설명했다. 2019년의 경우 고령 운전자 교통사고 사망자가 전체의 약 46%를 차지했다. 이는 같은 해 고령인구 비율(약 15%)의 3배 수준이다. 고령 운전자가 교통사고를 일으킨 경우도 2014년에서 2018년까지 50% 늘었다.○ 조건부 운전면허제 등 대안 거론돼행정안전부, 국토교통부, 경찰청, 교통안전공단, 도로교통공단, 손해보험협회 등은 2019년 고령자 교통사고를 줄이기 위한 범정부협의체 ‘고령운전자 안전대책 협의회’를 조직했다. 협의회는 2023년까지 교통사고에 따른 고령 사망자를 절반으로 줄이는 것을 목표로 지난해 9월 관련 과제를 내놨다. 주요 과제 중 하나는 조건부 운전면허 제도 도입이다. 가령 고령자에겐 야간 운전, 고속도로 이용 등을 금지하거나 차량에 첨단 안전장치를 달아 최고속도를 제한하는 방식이다. 영국, 일본 등은 이미 시행 중인 제도지만 우리나라는 주로 장애인 운전자 등에 한정해 적용되고 있다. 교통안전공단은 경북 김천경찰서, 전국모범운전자연합회 경북지부와 협약을 맺고 고령 개인택시 운전자의 운전행태 분석 및 정책개발 연구를 진행하고 있다. 김천 지역 고령 운전자의 택시에 차량의 주행 상황에 따라 운전자의 안전운전을 지원하는 첨단운전자보조시스템(ADAS)을 달아 사고 예방에 도움을 주는지를 확인하겠다는 것이다. ADAS가 고령자 안전운전에 효과가 있다고 판단되면 조건부 운전면허 제도에 ADAS 관련 항목을 포함시키는 방안을 건의할 방침이다. 교통안전공단 관계자는 “이번 정책 개발 연구가 고령 운전자 교통사고 감소에 기여할 수 있을 것으로 기대된다”고 말했다. 협의회는 대한노인회 등과 협업하는 등 고령자의 시각에서 해결방안을 찾는 데 힘을 쏟고 있다. 이순열 도로교통공단 교육운영처 교수는 “고령 운전자가 운전할 수 있는 권리를 유지하면서도 교통사고를 예방하는 게 중요하다”며 “두 목적을 모두 달성하려면 최대한 노년층을 배려하는 다각적이고 세밀한 대책이 필요하다”고 강조했다. 공동 기획: 행정안전부 국토교통부 경찰청 한국교통안전공단 손해보험협회          한국도로공사 도로교통공단 한국교통연구원 삼성교통안전문화연구소교통문화를 개선하기 위해 독자 여러분의 제보와 의견을 e메일(lifedriving@donga.com)로 받습니다.특별취재팀 ▽ 팀장 박창규 사회부 기자 kyu@donga.com▽ 변종국(산업1부) 신지환(경제부) 정순구(산업2부)   이소정(사회부) 신아형(국제부) 기자 "
13,2021.10.05. 오후 12:09,광주시 교통약자 배려 `낙제'…저상버스·콜택시·점자블록 `미흡',"기사내용 요약저상버스 운행률 26%, 다른 특·광역시 비해 현저히 낮아장애인콜택시 116대, 법정대수 60%대, 점자블록 설치·관리 엉망장재성의원 ""시각장애인 생명줄 점자블록 전수조사 해야""【광주=뉴시스】 장재성 광주시의원. photo@newsis.com[광주=뉴시스] 배상현 기자 = 광주시의 장애인 등 교통약자에 대한 배려가 낙제 수준이다는 지적이 제기됐다. 5일 장재성(더불어민주당, 서구1)의원에 따르면 광주시에서 제출한 ‘광주시 저상버스 운행 현황’에 따르면 시 전체 시내버스 999대 중 저상버스는 261대 이며, 운행률은 26.1%로, 서울(59.6%), 부산(27.3%), 대구(36.9%), 대전(31.3%) 등 다른 특·광역시에 비해 현저히 낮은 편이다.장 의원은 “이용섭 시장 공약 추진 현황 중 ‘저상버스 도입 확대’는 올해까지 저상버스 운행률 30%를 목표치로 설정했지만, 지금 더딘 상황이다”고 말했다. 또 장애인콜택시는 총 116대로 법정대수 186대에 턱없이 부족한 실정이며, 수요에 못 미치는 차량 대수로 인해 배차시간 장기화 등의 문제로 이어진다.광주시에서 실제 파악하고 있는 평균 배차 대기시간은 20분 59초 이지만 실제 이용객들은 1시간, 2시간 넘게 기다리는 경우도 다반사이다.시각장애인 등을 위한 점자블록 관리도 엉망이다. 장 의원은 “시각장애인들의 원활한 보행을 돕기 위해 광주시에 설치된 점자블록이 실상은 깨지고 끊겨 있거나 보기 어려운 검은색으로 되어있는 부실한 상황이며, 장애인들의 보행권을 침해하고 있는 상황이다”고 지적했다.이어 “점자블록이 파손 됐거나 노란색이 아닐 경우 시각장애인에게는 길잡이가 아닌 걸림돌이 될 수 밖에 없다”며 “어디가 파손되었는지 말을 해주면 나가서 시정을 하겠다던 광주광역시 탁상행정의 모습을 보이고 있다”고 밝혔다.장 의원은 “해마다 지적돼 왔음에도 불구하고 여전히 도로시설들이 시각장애인의 안전을 위협하고 있는 문제는 개선되고 있지 않다”며, “광주시가 시각장애인들의 생명줄이나 다름없는 점자블록의 전수조사를 하루 빨리 해야 한다”고 강조했다. 이와함께 광주복지재단과 광주시청이 교통약자를 위해 공동 개발한 ‘광주교통약자버스’ 어플도 종종 오류가 발생하고 있다. 장 의원은 “교통약자들이 이용에 불편을 겪고 민원을 제기하고 있는 상황이지만, 광주복지재단과 광주광역시청은 어플을 아직까지 업그레이드 하지 않고 있어 교통약자들이 분통을 터트리고 있다”면서 “교통약자들이 불편함을 느끼는 것은 대중교통의 보편적 서비스라고 할 수 없다""고 지적했다．"
14,2021.10.02. 오전 6:15,"""시각장애인들 외면 받지 않기를""…부산 지하철 자판기 점자판 설치","덕문중 교사·학생들 연산역 1호선 자판기 점자 제작덕문중학교 학생들이 도시철도 1호선 연산역사에 있는 자판기에 점자판을 제작·설치하고 있다.2021.9.29/© 뉴스1 노경민 기자(부산=뉴스1) 노경민 기자 = ""아이들이 직접 부산에서 최초로 지하철 자판기 점자를 만들었습니다. 시각장애인들과 함께 하는 그날까지 최선을 다하겠습니다."" 부산 지하철 역사에 설치된 자판기에 시각장애인들을 위한 점자판이 단 한개도 부착되지 않아 비판이 나온 가운데(뉴스1 4월20일 보도) 최근 도시철도 1호선 연산역에 첫 점자판이 설치됐다.부산 지하철 자판기 점자판을 부착한 주인공은 가덕도에 있는 덕문중학교 학생들.이들은 지난 9월 29일 오후 5시30분 학교 수업을 마치고 연산역 역사에 자판기 점자판을 설치하기 위해 모였다.부산 지하철 역사에는 총 198개의 음료수 자판기가 있다. 이중 점자 표기된 자판기는 없다.수도권에는 일부 자판기에 점자판이 설치돼 있다. 지난 2018년부터 시각 장애인들의 편의를 증진하기 위해 수인분당선, 수도권 1.4호선 등 총 1500여개의 자판기에 투명 점자판을 부착했다.공중이용시설 자판기 점자 표기에 대한 법령도 존재하지만 필수가 아닌 권고 사항에 그칠 뿐이었다.덕문중학교 학생이 도시철도 1호선 연산역사에 있는 자판기에 점자판을 설치하고 있다.2021.9.29/© 뉴스1 노경민 기자이번 점자판 부착 재능기부를 결정한 정예설 교사는 학교에서 장애인 인권 동아리를 맡다가 문득 이런 생각이 들었다. ""우리가 이들의 삶을 위해 기여하는 활동을 해보면 어떨까?""정 교사는 점자가 표기된 자판기가 부산에 없다는 사실을 듣고 곧바로 재능기부로 선보였다. 그는 ""사회의 불편함을 보고 '어쩔 수 없어. 불편하지만 바뀌길 기다릴 수밖에'라고 생각하기보단 '내가 직접 불편한 점을 바꿔보자'는 마음에 시작했다""며 ""협력을 통해 모두가 함께 살아갈 수 있길 바란다""고 취지를 설명했다.덕문중 학생들은 2주 동안 점심시간과 방과후 시간을 활용해 점자판을 제작했다. 처음 본 점자에 익숙지 않아 몇번은 실수로 잘못 표기된 점자를 만들기도 했다.그때마다 아쉬운 마음을 뒤로하고 폐기해야 했지만, 시각장애인들이 겪어온 고충을 떠올리면서 하나하나씩 만들어갔다.부산교통공사도 정 교사의 봉사활동에 공감하고 자판기 임대인마다 허가 동의를 받아냈다.박주연양(2학년)과 장하란양(1학년)은 ""매일 점자판을 만들면서 허리도 아팠지만 붙이고 나니 뿌듯한 기분""이라며 ""앞으로 부산의 모든 지하철 자판기에 점자판이 설치되면 좋겠다""고 소감을 전했다.교통공사 측은 앞으로 점자판 설치 대상 자판기를 확대할 계획이라고 밝혔다.한국시각장애인연합회 부산지부는 ""모든 부산시민들이 자판기를 이용할 권리가 있다""며 ""앞으로 시각장애인들도 누구의 도움을 받지 않고 자판기에서 음료를 구입할 수 있도록 지역 전체 지하철 자판기에 점자판이 설치되길 희망한다""고 말했다.부산 도시철도 1호선 연산역 지하철 자판기에 시각장애인을 위한 '모두의 자판기' 안내문이 붙어 있다.2021.9.29/© 뉴스1 노경민 기자"
15,2021.10.05. 오후 2:42,"[포토뉴스] 부산남부운전면허시험장 조철원 장장, 부산장애인총연합회 방문","부산남부운전면허시험장 조철원 장장, 부산장애인총연합회 방문도로교통공단 부산남부운전면허시험장 조철원 장장은 최근 부산장애인총연합회(회장 조창용)를 방문해 장애인 단체장들과 환담을 나눴다."
16,2021.10.12. 오전 11:00,"해수부, 우수해수욕장에 '속초·변산·대천 해수욕장' 선정","기사내용 요약철저한 출입관리로 코로나19 방역절차 준수 혼잡정보·사전예약제 이용객 분산정책 효과보령시 대천해수욕장 전경.(사진=보령시청 제공) *재판매 및 DB 금지[서울=뉴시스] 박성환 기자 = 해양수산부(장관 문성혁)는 여름철 코로나19 확산에도 국민들이 안전하게 즐길 수 있는 휴양공간을 제공한 '우수해수욕장'으로 강원 속초시 속초, 전북 부안군 변산, 충남 보령시 대천 해수욕장 3곳을 선정했다고 12일 밝혔다.해수부는 올해 우수해수욕장을 선정하기 위해 지난 8월 시·도에서 추천받은 21개 해수욕장을 대상으로 현장평가 등을 거쳐 1차로 8곳을 선발했다. 이후 해수욕장 평가위원회를 열어 방역, 안전, 환경, 물가관리 분야와 교통약자 이용편의 및 가치 제고, 이용객 만족도 등을 종합 평가해 3곳을 최종 선정했다.속초해수욕장은 1.2㎞에 이르는 해수욕장 구간에 방역울타리를 설치하고, 3개의 출입구에서 입장객이 안심콜 등록과 체온스티커를 부착한 후 출입하도록 했다. 백사장 내 개인파라솔 설치구간을 울타리로 구분해 공간구획제를 운영하는 등 방역관리에 힘을 쏟았다.또 노약자 및 장애인의 편의를 위해 백사장이나 물놀이에도 이용 가능한 수상휠체어와 일반휠체어 대여서비스, 휴게 쉼터 등을 운영했다.특히 해수욕장 안전을 위해 24시간 수상안전요원을 배치하고, 해수욕장 내 야외 물놀이시설을 조성하고 어린이 생존수영 체험교실을 운영해 유아 등 어린이가 안전하게 즐길 수 있는 물놀이 공간을 제공했다는 점에서 좋은 평가를 받았다.우수해수욕장으로 선정된 3개 해수욕장 관할 지방자치단체에는 2022년에 해수욕장 시설 개선을 위한 국비 1억원이 지원되고, 해수부 장관상과 100만원의 포상금이 수여된다.이와 함께 해수욕장 이용객 만족도 설문조사 결과를 토대로 '전남 신안군 대광해수욕장'과 '경남 창원시 광암해수욕장'을 이용객 만족도 우수해수욕장으로 선정해 해수부 장관상과 50만원의 포상금을 수여할 예정이다.올해 해수욕장은 코로나19로 인해 전국 277개 중 244개가 개장했고, 사회적 거리두기 4단계 격상 등으로 22곳이 조기 폐장했다. 개장기간 중 이용객은 전년 대비 16%감소한 2273만 명으로 집계됐다. 거리두기 단계 격상 등으로 부산과 인천, 전남지역은 이용객이 감소한 반면, 강원과 경남, 울산지역은 수도권과 부산의 거리두기 4단계에 따른 풍선효과 등으로 이용객이 증가한 것으로 나타났다.개장한 244개 해수욕장 중 가장 많은 이용객이 다녀간 해수욕장은 부산 해운대 해수욕장(504만 명)이었고, 이어 충남 대천 해수욕장(281만 명), 부산 송정 해수욕장(128만 명) 순으로 나타났다.해수부는 올 여름철 선제적인 해수욕장 방역 대응을 위해 지자체와 협력해 해수욕장 방문이력등록을 위한 안심콜 운영, 체온스티커를 통한 발열 확인, 야간 음주·취식행위 금지 등의 방역조치를 취했다.아울러 전국 해수욕장의 혼잡정보 제공, 사전예약제와 한적한 해수욕장 확대 운영 등 더욱 강화된 이용객 분산정책을 실시했다. 이에 따라 대형해수욕장의 이용객 비중은 2019년 86%, 2020년 76%에서 올해 66%로 낮아지는 등 이용객 분산효과를 확인했다.이철조 해수부 해양정책관은 ""올해는 수도권의 거리두기 4단계 등 코로나19 확산으로 해수욕장 방역관리에 어려움이 많았으나, 지자체의 적극적인 노력과 해수욕장 이용객의 동참에 힘입어 해수욕장에서 코로나19 전파사례가 발생하지 않았다""며 ""특히 철저한 방역과 더불어 많은 사람들에게 휴식과 즐거움을 선사하기 위해 노력한 우수해수욕장 관계자 모두에게 감사의 마음을 전하며, 앞으로도 안전하게 다양한 즐거움을 누릴 수 있는 해수욕장을 만들기 위해 지자체와 함께 노력하겠다""고 말했다．"
17,2021.10.21. 오후 1:00,"서울 종로구·경남 진주시 등 22개 지자체, '도시 대상' 받아","			(세종=연합뉴스) 김동규 기자 = 국토교통부는 21일 '2021 도시의 날' 기념식을 온라인으로 열고 '2021년 도시대상' 시상식을 함께 진행했다고 밝혔다.    도시의 날(10월 10일)은 경기도 수원의 화성(華城) 완공일을 기념하고 친환경·지속가능한 도시에 대한 사회적 공감대를 조성하자는 취지로 2007년 제정됐다.     기념식과 함께 진행된 이번 2021년 도시대상 시상식에서 대통령상은 종합평가 1위인 서울 종로구에 돌아갔다.    종로구가 진행한 우리 동네 놀이터, 초소 책방 등 아동 친화적인 아이디어와 친환경 녹색 주차장 가이드라인 사업 등은 타 지자체에 추천할만한 모범사업으로 평가됐다.    경남 진주시는 국무총리상을 받았다. '무장애도시위원회'를 운영하면서 도시 전역에 장애인이나 노약자도 이용하기 편리한 시설을 보급하려고 노력한 사례 등이 높은 평가를 받았다.    부산 수영구와 전남 목포시, 경기 의왕시, 전북 완주군 등 11개 지자체에는 국토교통부장관상이 수여됐다.    경기 안산시 등 4곳은 대한국토도시계획학회장상, 경기 평택시 등 5곳은 국토연구원장상을 각각 받았다.    노형욱 국토부 장관은 축하 영상을 통해 ""기후변화와 4차 산업혁명 시대를 맞아 우리 도시가 쾌적하고 안전한 공간이 되고 가치와 경쟁력을 더해갈 수 있도록 함께 노력해 나가자""고 당부했다.국토교통부 [국토교통부 제공, 재판매 및 DB 금지]서울 종로구 [종로구 제공, 재판매 및 DB 금지] dkkim@yna.co.kr"
18,2021.10.20. 오후 5:37,중앙상가와 용흥동을 연결한 ‘옛 포항역육교’역사속으로 사라진다   ,"29일 오후 11시부터 30일 오전 6시까지 용흥현대⚊구 포항역 사거리 전면통제31년 동안 시민들의 애환을 함께해 온 경북 포항의 ‘옛 포항역육교가’가 오는 29일을 마지막으로 역사속으로 사라진다. 20일 포항시에 따르면 구도심의 초고층 랜드마크가 될 옛 포항역 도시개발사업이 지난 9월 기반시설공사 착공식을 갖고 본격적으로 착공함에 따라 옛 포항역육교 철거에 들어간다. ▲옛 포항역육교 철거에 따른 차량 전면통제 구간ⓒ포항시 제공 옛 포항역육교는 길이 115m, 폭 2.3m 규모의 보행육교로서 중앙상가와 용흥동을 연결하며 시민들의 안전을 지켜왔다. 하지만 2015년 KTX역 신설로 포항역이 이전함에 따라 왕복 4차선 도로가 개통돼 횡단보도 통행이 가능해지면서 육교 이용률 또한 감소했다. 또한, 노인·장애인 등 교통약자 불편 및 시설 노후화로 인한 사고위험에도 노출돼 있어 기반시설공사와 함께 육교 철거를 결정하게 됐다. 육교 철거는 교통 여건을 고려해 영향을 최소화할 수 있는 심야 시간인 29일 오후 11시부터 다음날 오전 6시까지 차량을 전면 통제 후 진행된다. 통제구간은 용흥현대아파트⚊구 포항역사거리까지 왕복 6개 차로이다. 옛 포항역 부지에는 서울과 부산을 제외한 최고층수 69층의 주상복합건물 3개동과 20층 규모의 호텔 1개동 건립이 계획돼 있어 포항을 대표하는 초고층 랜드마크로 포항의 스카이라인을 새롭게 형성할 전망이다. 이강덕 포항시장은 “포항역육교 철거를 시작으로 본격적으로 진행되는 옛 포항역지구 도시개발 사업이 도심의 새로운 랜드마크를 조성하고 구도심 도시재생 사업에 활기를 불어넣어 지역경제를 활성화시켜 더 큰 포항으로 나아가는 데 큰 역할을 할 것으로 기대된다”고 말했다. "
19,2021.10.18. 오후 4:00,[내일의 국감](19일),"			▲ 법제사법 = 법제처(10시, 국회), 군사법원(14시, 국회)    ▲ 교육 = 경북대학교, 부산대학교, 경상국립대학교, 전북대학교, 전남대학교, 제주대학교, 경북대병원, 경북대치과병원, 부산대병원, 부산대치과병원, 경상국립대병원, 전남대병원, 전북대병원, 제주대병원(10시, 국회)    ▲ 국방 = 국방과학연구소(10시, 국방과학연구소), <현장시찰> 공군 제17전투비행단(15시, 충북 청주)    ▲ 행정안전 = 서울특별시(10시, 서울시청), 서울경찰청(시청감사 종료후, 서울경찰청)    ▲ 문화체육관광 = 한국예술종합학교, 한국언론진흥재단, 국제방송교류재단, 언론중재위원회, 국립발레단, 국립극단, 국립국어원, 국립국악원, 사행산업통합감독위원회, 한국관광공사, 그랜드코리아레저(주), 한국문화정보원, 한국문화관광연구원, 한국도박문제관리센터(10시, 국회)    ▲ 농림축산식품해양수산 = 산업협동조합중앙회(수협은행 포함), 해양수산과학기술진흥원, 한국수산자원공단, 한국해양교통안전공단, 한국해양진흥공사, 한국어촌어항공단(10시, 국회)    ▲ 보건복지 = 한국노인인력개발원, 한국사회보장정보원, 한국보건복지인력개발원, 한국보육진흥원, 한국장애인개발원, 아동권리보장원(10시, 국회)    ▲ 환경노동 = <현장시찰> 시화호조력발전소(13시 30분, 안산)    (서울=연합뉴스)"
20,2021.10.25. 오후 3:51,"""국립 의대·신산업 허브·레이저 연구시설…5대 숙원사업 반드시 추진""","문화관광·친환경 수도 건설K김치산업클러스터 조성도전라남도는 32개 핵심과제 모두 지역 발전을 위해 꼭 필요하지만 이 가운데 5대 대표과제는 반드시 제20대 대선공약에 반영하겠다는 의지를 다지고 있다. ○국립의과대학 설립전라남도는 전국 최초로 초고령사회에 진입해 고령인구·장애인 등 의료 취약계층 비율이 높다. 하지만 도서지역 등 의료접근성이 취약한 지역이 많아 기대수명 전국 최하위(최고와 2.6년 차), 1인당 의료비 전국 1위(최저의 1.5배) 등 건강 수준 불균형이 심각하다.전국에 40개 의과대학이 있지만 전남은 시·도 중 유일하게 의과대학이 없다. 이런 의료 불균형을 해소하고 도민의 건강권을 보장하기 위해 국립의과대학을 전남에 반드시 설립할 계획이다. ○글로벌 에너지 신산업 허브 조성전라남도는 전국 최고 수준의 재생에너지 잠재량(12.4GW, 전국 1위)을 보유하고 있다. 또 에너지밸리를 조성해 에너지신산업 육성의 최적지로 자리매김했다. 세계 최대 규모 해상풍력 발전사업도 가시화되고 있다. 조성 중인 기반시설과 자원을 바탕으로 글로벌 에너지 신산업 중심지로 도약하기 위해 그린수소 에너지섬, 그린수소 전주기 클러스터, 국립 해상풍력 에너지연구소 등을 조성할 방침이다. ○초강력 레이저 연구시설 구축초강력 레이저 연구시설은 ‘세계 TOP10 공대’를 목표로 내년 3월 개교할 예정인 한국에너지공대와 연계해 미국 실리콘밸리와 같은 세계적 에너지산업 허브로 발돋움하기 위해 반드시 필요한 국책연구시설이다. 내년도 국비에 타당성 연구 용역비 5억원이 반영돼 실현 가능성도 높아지고 있다. 초강력 레이저 연구시설을 반드시 구축해 기초연구와 첨단 과학기술 역량을 높일 계획이다. ○남도의 맛, 멋 세계화전라남도는 예로부터 멋과 맛, 소리의 고장으로 알려져왔다. 전남의 청정 식재료를 활용한 ‘남도의 맛’으로 한식 세계화를 주도한다는 구상이다. 전라남도는 남도 음식의 체계적 연구를 위해 국립 남도음식진흥원을 설립하기로 했다. 친환경 농산물 등을 활용한 남도 김치의 세계화를 위해 K김치산업 클러스터 조성도 염두에 두고 있다. 남도의 소리와 디지털 첨단기술을 결합한 전통문화 소리융합 클러스터 조성에도 관심을 기울이고 있다. ○신해양·문화관광·친환경 수도 건설수도권의 경제수도, 충청권의 행정수도에 이어 전남과 경남을 아우르는 ‘대한민국 신해양·문화관광·친환경 수도’ 조성을 목표로 하고 있다. 목포에서 부산까지 다도해 선샤인웨이, 남해안 글로벌 해양관광벨트 등 교통·관광·산업을 아우르는 ‘남해안 남부권 초광역 메가시티’ 조성으로 국가균형발전의 새로운 패러다임을 제시한다는 전략을 세웠다.무안=임동률 기자 exian@hankyung.com"
21,2021.10.21. 오전 10:31,"지하철 무임승차로 연 5500억 '손실'…""초고령사회 대책 시급""","지난 5년간 전국 도시철도 무임수송손실액이 2조7000여억원에 달하는 것으로 나타났다. 연평균 5539억원 규모다. 초고령화 사회에 대비해 도시철도 무임수송제도 개편이 필요하다는 주장이 나온다. 16일 진성준 더불어민주당 의원이 서울·부산·대구·인천·광주·대전 등 전국 6개 교통공사로부터 제출받은 무임수송에 따른 손실 현황 자료를 분석한 결과 2016년~2020년까지 무임수송손실액은 누적 2조 7696억 원에 달했다. 연평균 5539억 원 규모다.무임수송제도는 현재 노인복지법, 장애인복지법 등에 따라 65세 이상 노인, 장애인, 국가유공자 등에 대하여 지방자치단체의 수송시설 및 공공시설 이용요금을 감면하는 제도다. 지난 5년간 지역별 손실규모를 보면 △서울 1조 6840억 원 △부산 6106억 원 △대구 2594억 원 △인천 1203억 원 △광주 407억 원 △대전 546억 원이다.문제는 우리나라 인구에서 65세 이상 노인의 비중이 점차 늘고 있다는 점이다.  현재 65세 이상 노인이 차지하는 비중은 16% 이상으로 2047년에는 38%를 넘어설 것으로 전망된다. 이런 추세라면 지하철 무임수송 인구도 급속하게 증가할 것으로 예상된다.서울교통공사 자료에 따르면 서울 도시철도의 경우 이러한 고령화 추세에 따른 65세 이상 무임승차 노인의 급격한 증가로 2040년에는 손실액이 9~12조 원까지 늘어날 것으로 전망된다. 향후 초고령화시대에 접어들어 무임승차 인원 증가에 대한 대책이 마련되지 않았을 경우 도시철도의 지속가능성 자체가 심각한 위기를 맞을 우려가 높다.현재 정부는 무임수송으로 인한 철도 적자 발생을 지원하기 위해 '철도산업발전기본법'에 따라 코레일에 손실 비용의 60%를 지원하고 있으나 지자체가 운영하는 도시철도에 대해서는 재정지원을 하지 않고 있다.지자체에서는 무임승차에 대한 비용을 정부가 지원해야 한다는 입장이지만 정부는 도시철도가 운영되는 지역주민에게 한정돼 편익을 제공하기 때문에 국가가 재정을 지원하는게 맞지 않다고 보고있다.진 의원은 ""무임수송은 복지정책으로 노인의 이동권을 보장해주며, 모든 국민이 수혜자""라며 ""무임수송은 필요하지만 적자 구조를 지자체가 전적으로 감당하는 것은 지속가능하지도 정의롭지도 않다. 초고령화 대응 정책 차원에서 이 문제를 적극 다루어야 한다""고 말했다."
22,2021.10.21. 오후 7:23,[사랑의 징검다리] 유공자 은철 할아버지의 고통,"비탈길을 한참 오르면 대문이 없는 작은 집이 나옵니다. 집이라고 하기에 건물 모양이 많이 엉성합니다. 시멘트가 식빵 덩어리처럼 네모나게 뭉쳐진 곳에 지붕만 얹어진 곳입니다. 이 곳에 국가유공자 은철(가명) 할아버지가 살고 있습니다.고엽제 후유증 각종 질환 앓아폐암·낙상·수술… 자리보전병간호 할머니가 유일한 희망할아버지는 국가의 부름을 받고 베트남 전쟁에서 싸워 명예와 자긍심도 얻었습니다. 하지만 지금 할아버지에게서 전쟁의 흔적을 확인할 수 있는 건 마약성 진통제입니다. 고엽제 등에 노출되고 트라우마가 생긴 탓인지 참전 뒤 심장 질환, 정신 장애 판정, 정형외과 질환 등 몸 곳곳에 이상이 생겼습니다. 마약성 진통제를 먹지 않으면 통증이 심해 잠을 잘 수가 없는 지경입니다. 엎친 데 덮친 격으로 할아버지는 폐암 판정을 받아 복수가 차오르고 있습니다. 얼마 전 낙상사고까지 나 다리와 어깨 수술을 한 뒤 누워만 생활하다 보니, 욕창까지 생겼습니다. 온통 피범벅인 할아버지의 이불을 보며, 나라를 위해 싸운 할아버지에게 너무 미안해집니다.다행히 할아버지 곁엔 미선(가명) 할머니가 있습니다. 할아버지가 전쟁터에 있는 꿈을 꾸다 소리를 지를 때면, 할머니가 곁에서 한참을 다독여 줍니다. 그제야 식은땀을 흐리는 할아버지는 다시 잠에 듭니다.할머니는 거동을 못하는 할아버지의 손과 발입니다. 할아버지가 병원에 가려면 급경사를 내려가야 하기에, 할머니는 두리발(교통약자 콜택시)이나 사설 구급차의 도움을 받고 싶습니다. 하지만 은철 할아버지 같은 정신 장애인은 두리발을 탈 수 없습니다. 사설 구급차는 매번 10만 원씩 비용이 들어 감당이 안 됩니다. 결국 할머니는 할아버지를 업고 한참 비탈길을 내려와 택시를 잡습니다. 사실 할머니도 허리가 안 좋아 병원에 다니는 처지이지만, 다른 방법이 없습니다.지금 할아버지는 24시간 보호자가 필요하기에, 할머니는 다른 일을 할 수 없는 상황입니다. 국가유공자 급여와 기초연금으로만 생활하고 있는데, 병원비를 감당하기도 쉽지 않습니다.도움을 줄 자식도 사라졌습니다. 아들이 있었지만, 오래 전 돈을 벌겠다고 집을 나간 뒤 감감무소식입니다. 세월이 지나도 문 앞에서 덜컹거리는 소리만 나도 혹시나 하며 나가보는 할머니의 모습엔 아들을 향한 짙은 그리움이 느껴집니다. 전쟁 후유증으로 긴 시간 고단한 삶을 이어가고 있는 이 노부부에게 여러분의 작은 위로를 부탁드립니다.△영도구 동삼2동 주민센터 김은혜△계좌번호 부산은행 315-13-000016-3 부산공동모금회 051-790-1400, 051-790-1415.△공감기부(무료) 방법-부산은행 사회공헌홈페이지(www.happybnk.co.kr) 공감기부프로젝트 참여 또는 부산은행 인스타그램(@bnk_busanbank)에서 ‘좋아요’ 클릭.△15일 자 정호 씨 후원자 89명 471만 5200원(특별후원 BNK 부산은행 812명 공감클릭 100만 원)QR코드를 스캔하면 모바일뱅킹 ‘썸뱅크’로 더욱 간편하게 기부에 참여할 수 있습니다. 문의 1800-0500(금융센터)※TBN부산교통방송(94.9㎒)에서 매주 수요일 오전 9시 30분에 방송됩니다.▣ 이렇게 됐습니다-8일 자 민주 씨 사연지난 8일자 민주 씨 사연에 후원자 76명이 336만 3260원을, 특별후원으로 BNK부산은행 공감 클릭을 통해 968명이 100만 원을 각각 모아주셨습니다.후원금은 민주 씨 주거지 마련을 위한 보증금과 정신과 치료에 사용됩니다. 민주 씨는 여러분의 응원에 다시 용기를 얻었다며, 당당한 모습으로 열심히 살아가겠다고 다짐했습니다."
23,2021.10.15. 오전 6:00,[오늘의 국감](15일),"			▲ 법제사법 = 서울고법, 서울중앙지법, 서울가정법원, 서울행정법원, 서울회생법원, 서울동부지법, 서울남부지법, 서울북부지법, 서울서부지법, 의정부지법, 인천지법, 인천가정법원, 수원고법, 수원지법, 수원가정법원, 춘천지법(10시, 국회)    ▲ 정무 = 신용보증기금, 한국산업은행, 중소기업은행, 서민금융진흥원(10시, 국회)    ▲ 기획재정 = 한국은행(10시, 국회)    ▲ 외교통일 = <미주반> 주멕시코대사관(10시, 주멕시코대사관), <미주반> 주아르헨티나대사관(14시, 주멕시코대사관)    ▲ 국방 = 5·18민주화운동진상규명조사위원회, 병무청(대체역 심사위원회), 군사망사고진상규명위원회, 군인공제회(10시, 국회)    ▲ 행정안전 = <지방1반> 전라남도(10시, 전남도청), 전라남도경찰청(전남도경찰청 도청감사 종료후), <지방2반> 부산광역시(10시,부산시청), 부산경찰청 (부산경찰청, 시청감사 종료후)    ▲ 농림축산식품해양수산 = 농업협동조합중앙회, 농협경제지주, 농협금융지주(농협은행, 농협생명보험, 농협손해보험, NH투자증권 포함) (10시, 국회)    ▲ 산업통상자원중소벤처기업 = 한국석유공사, 한국가스공사, 한국에너지공단, 한국에너지재단, 한국지역난방공사, ㈜강원랜드, 대한석탄공사, 한국가스기술공사, 한국전기안전공사, 한국가스안전공사, 한국석유관리원, 한국광해광업공단(10시, 국회)    ▲ 보건복지 = 국민건강보험공단, 건강보험심사평가원(10시, 국회)    ▲ 환경노동 = 근로복지공단, 한국산업안전보건공단, 한국산업인력공단, 한국장애인고용공단, 한국고용정보원, 학교법인 한국폴리텍, 한국기술교육대학교, 노사발전재단, 건설근로자공제회, 한국사회적기업진흥원, 한국잡월드, 한국고용노동교육원(10시, 국회)     ▲ 국토교통 = 인천국제공항공사, 한국공항공사, 항공안전기술원, 국립항공박물관(10시, 인천국제공항공사)    (서울=연합뉴스)"
24,2021.10.19. 오전 6:00,[오늘의 국감](19일),"			▲ 법제사법 = 법제처(10시, 국회), 군사법원(14시, 국회)    ▲ 교육 = 경북대학교, 부산대학교, 경상국립대학교, 전북대학교, 전남대학교, 제주대학교, 경북대병원, 경북대치과병원, 부산대병원, 부산대치과병원, 경상국립대병원, 전남대병원, 전북대병원, 제주대병원(10시, 국회)    ▲ 국방 = 국방과학연구소(10시, 국방과학연구소), <현장시찰> 공군 제17전투비행단(15시, 충북 청주)    ▲ 행정안전 = 서울특별시(10시, 서울시청), 서울경찰청(시청감사 종료후, 서울경찰청)    ▲ 문화체육관광 = 한국예술종합학교, 한국언론진흥재단, 국제방송교류재단, 언론중재위원회, 국립발레단, 국립극단, 국립국어원, 국립국악원, 사행산업통합감독위원회, 한국관광공사, 그랜드코리아레저(주), 한국문화정보원, 한국문화관광연구원, 한국도박문제관리센터(10시, 국회)     ▲ 농림축산식품해양수산 = 산업협동조합중앙회(수협은행 포함), 해양수산과학기술진흥원, 한국수산자원공단, 한국해양교통안전공단, 한국해양진흥공사, 한국어촌어항공단(10시, 국회)    ▲ 보건복지 = 한국노인인력개발원, 한국사회보장정보원, 한국보건복지인력개발원, 한국보육진흥원, 한국장애인개발원, 아동권리보장원(10시, 국회)    ▲ 환경노동 = <현장시찰> 시화호조력발전소(13시 30분, 안산)    (서울=연합뉴스)"
25,2021.10.22. 오후 6:30,"머투대학가요제·인터엠배 직밴페스티벌 본선, 30일 아티스탄홀서 개최","'2021 제14회 머니투데이대학가요제' 및 '2021 제3회 인터엠배 직장인밴드페스티벌'의 본선대회가 10월 30일(토) 대학로 아티스탄홀에서 개최된다. 그동안 두 대회의 본선은 통상 대학로 마로니에공원 야외공연장에서 개최되어 왔지만, 코로나19의 지속적인 유행으로 인해 이번엔 320석 규모의 전문공연장인 아티스탄홀에서 철저한 소독·방역조치 및 거리두기를 준수하면서 진행하게 됐다. 예선을 통과한 9개 본선팀이 경연을 펼치는 머니투데이대학가요제 본선은 이날 오후 3~5시, 10개 본선팀이 경쟁하는 인터엠배 직장인밴드페스티벌 본선은 오후 6~8시 아티스탄홀에서 진행된다. 가요제 역대 수상자들과 유망 브레이킹댄스팀인 '와일드크루' 등이 다채로운 축하공연을 펼칠 예정이다.한편 두 가요제를 주관하는 공연&문화허브 M터치(회장 정현식·슈가버블 회장/한국프랜차이즈산업협회 회장)는 긴 세월 청계천 및 대학로 등에서 가요제를 중심으로 다양한 공연예술 행사를 진행, 많은 시민들의 문화생활 향유에 기여한 공로를 인정받아 다수의 M터치 운영진이 이날 서울시의회·종로구청·종로구의회 등 기관장들로부터 표창장을 수상할 예정이다.    두 대회의 본선진출팀은 다음과 같다.<2021 머니투데이대학가요제 본선진출팀(무순)>◆Twenteen(혼성4인조밴드/ 서울, 서울시립대 융합전공학부·도시사회학, 단국대 실용음악/ 보컬: 서울시립대 도시사회학 최해인)◆HUK!(헉!, 여성트리오/ 서울, 동아방송예술대 실용음악/ 보컬: 홍지혜 유예진 권예린◆박건우(남성솔로/ 경남창원, 부산예술대 실용음악)◆KlaFF(남성4인조밴드/ 서울·대전, 동명대 정보통신·동아대 음악학·여주대 실용음악/ 보컬: 대전과기대 호텔외식관광학 윤석진)◆(와일드카드)MOBULL(혼성5인조밴드/ 인천, 보컬트레이너 자영업등/ 보컬: 보컬트레이너 이하람)◆남녀사이(혼성3인조밴드/ 서울, 동아방송예술대 실용음악·백석예술대 실용음악/ 보컬: 동아방송대 강동협 전태희)◆정해완(남성솔로/ 서울, 서경대 실용음악)◆(와일드카드)SPLASH(남성5인조밴드/ 인천, 인천연화초등학교 임대업등/ 보컬: 인천대화초 김민익)◆(와일드카드)BAND ESCAPE(혼성6인조밴드/ 서울, 한국무역협회 계몽에듀등/ 보컬: 광주송정초교 김대근, 프리랜서 서영준)  <2021 인터엠배 직장인밴드페스티벌 본선진출팀(무순)>◆평양냉면(혼성3인조/ 서울, 온디자인건축사사무소 청소년중독예방운동본부등/ 보컬: 파란에스에프에스 김성신)◆보헤미안(혼성6인조/ 경기, 인천교통공사 동부상운등/ 보컬: 나래나노텍 변종석)◆메카닉(남성4인조/ 경기, 현대코어모션 안양동안경찰서등/ 보컬: 법무법인센트로 주영)◆리로트(남성4인조/ 서울, 시드엑스 타카토커피등/ 보컬: 연예인제작자협회 김핑크)◆오후네시(혼성5인조/ 서울, 서울아산병원 현대회계법인등/ 보컬: 우리은행 김해권)◆블랙펄(혼성5인조/ 서울·경기, 낙스넷 한국통신등/ 보컬: 생명나무한의원 이정은)◆초고농축 다우니밴드(혼성5인조/ 경기, 지아이셀 비채뷰티등/ 보컬: 현대모비스 김영민)◆먼데이밴드(혼성6인조/ 인천, 오티스기술연구소 한국사법연구소등/ 보컬: 청라스포츠센터 김보영)◆레인보우밴드(혼성6인조/ 충북영동, 동성금속 성우정밀등/ 보컬: 풍년떡 곽상미, 영동군장애인복지관 배미숙)◆남의집이불속(혼성5인조/ 경기, 한겨레신문 인터엠등/ 보컬: 팜스코 윤지수)두 가요제 본선이 열리는 혜화역 1번출구 바로 옆 '아티스탄홀' 내부 모습/사진=M터치['2021 제14회 머니투데이대학가요제' 개요]-K팝 활성화와 음악스타 유망주 발굴·육성 및 지역사회 문화예술 확산 취지-친환경세제 대표 브랜드 '슈가버블'의 메세나(문화예술 지원) 특별후원◇ 총상금 : 2,700만원 △본선상금 1,200만원: 대상(슈가버블상)-500만원, 금상-300만원, 은상-100만원, 동상-50만원/ 특별상-한국유나이티드제약상 50만원, 탱커주식회사상 50만원, 에스엔이노베이션상 50만원, 모든해상손해사정상 50만원, 월드에이드상 50만원/ M터치상 : 팀당 20만원(대상,금상,은상,동상,특별상 외 모든 본선팀) △예선상금 500만원(모든 예선참가팀에 30만원 지급) △M터치 행사 및 'M터치 공연팀'(가요제 수상자) 공연 등에 대한 차기년도 월드에이드 협찬지원금 총액한도 1,000만원◇ 주최 : 머니투데이, 머니투데이스타뉴스, 머니투데이방송(MTN)◇ 주관 : 공연&문화허브 'M터치'◇ 특별후원 : 친환경세제 '슈가버블'◇ 후원/협찬 : 인터엠, 대학로문화축제추진위원회, 한국유나이티드제약, 에스엔이노베이션, 탱커(주), 모든해상손해사정, 월드에이드* 일반 공지 및 질의응답 사이트 : 가요제 공식카페(cafe.naver.com/cgsf) 게시판['2021 제3회 인터엠배 직장인밴드페스티벌' 개요]-국내 최대 음향 메이커로서 직장 내 워라밸 문화확산과 사회적 예술나눔 취지-제20회 대학로문화축제 기간에 제14회 머니투데이대학가요제와 함께 진행◇ 총상금 : 1,600만원 △본선상금 1,100만원: 대상(인터엠상)-300만원, 금상-150만원, 은상-100만원, 동상-50만원 / 특별상-슈가버블상 100만원, 예스코리아상 100만원, 레디코리아상 100만원, 오썸피아&우주영재과학상 100만원/ M터치상-팀당 30만원(대상,금상,은상,동상,특별상 외 모든 본선팀) △예선상금 500만원(모든 예선참가팀에 30만원 지급)◇ 주최 : 인터엠(특별후원), 대학로문화축제추진위원회◇ 주관 : 공연&문화허브 'M터치'◇ 후원 : 머니투데이, 슈가버블, 예스코리아, 한국유나이티드제약, 레디코리아, 오썸피아, 우주영재과학, 월드에이드* 일반 공지 및 질의응답 사이트 : 가요제 공식카페(cafe.naver.com/cgsf) 게시판"
26,2021.10.14. 오후 4:00,[내일의 국감](15일),"			▲ 법제사법 = 서울고법, 서울중앙지법, 서울가정법원, 서울행정법원, 서울회생법원, 서울동부지법, 서울남부지법, 서울북부지법, 서울서부지법, 의정부지법, 인천지법, 인천가정법원, 수원고법, 수원지법, 수원가정법원, 춘천지법(10시, 국회)    ▲ 정무 = 신용보증기금, 한국산업은행, 중소기업은행, 서민금융진흥원(10시, 국회)    ▲ 기획재정 = 한국은행(10시, 국회)    ▲ 외교통일 = <미주반> 주멕시코대사관(10시, 주멕시코대사관), <미주반> 주아르헨티나대사관(14시, 주멕시코대사관)    ▲ 국방 = 5·18민주화운동진상규명조사위원회, 병무청(대체역 심사위원회), 군사망사고진상규명위원회, 군인공제회(10시, 국회)    ▲ 행정안전 = <지방1반> 전라남도(10시, 전남도청), 전라남도경찰청(전남도경찰청 도청감사 종료후), <지방2반> 부산광역시(10시,부산시청), 부산경찰청 (부산경찰청, 시청감사 종료후)    ▲ 농림축산식품해양수산 = 농업협동조합중앙회, 농협경제지주, 농협금융지주(농협은행, 농협생명보험, 농협손해보험, NH투자증권 포함) (10시, 국회)    ▲ 산업통상자원중소벤처기업 = 한국석유공사, 한국가스공사, 한국에너지공단, 한국에너지재단, 한국지역난방공사, ㈜강원랜드, 대한석탄공사, 한국가스기술공사, 한국전기안전공사, 한국가스안전공사, 한국석유관리원, 한국광해광업공단(10시, 국회)    ▲ 보건복지 = 국민건강보험공단, 건강보험심사평가원(10시, 국회)    ▲ 환경노동 = 근로복지공단, 한국산업안전보건공단, 한국산업인력공단, 한국장애인고용공단, 한국고용정보원, 학교법인 한국폴리텍, 한국기술교육대학교, 노사발전재단, 건설근로자공제회, 한국사회적기업진흥원, 한국잡월드, 한국고용노동교육원(10시, 국회)     ▲ 국토교통 = 인천국제공항공사, 한국공항공사, 항공안전기술원, 국립항공박물관(10시, 인천국제공항공사)    (서울=연합뉴스)"
27,2021.10.15. 오전 3:06,화장실에 식물형 공기청정기까지,"23회 ‘아름다운 화장실 대상’에 SRT수서역 여객화장실 선정 SRT수서역 여객화장실이 조선일보와 행정안전부, 화장실문화시민연대가 공동 주최한 제23회 ‘아름다운 화장실 대상’ 공모에서 대상에 선정됐다. (주)에스알이 운영하며, 하루 5만~6만명의 승객이 이용하는 이곳은 ‘힐링과 문화가 공존하는 공간’으로 관리되고 있다. 사물인터넷(IoT) 기반 식물형 공기청정기가 화장실 내부 공기 상태를 자동으로 측정해 최적의 공기 질을 유지한다. 세면대 바로 옆에 손 건조기를 부착해 바닥에 물이 떨어지지 않게 했고, 장애인 화장실에는 높낮이가 조절되는 기립형 보조 변기를 설치했다. 표혜령 화장실문화시민연대 대표는 “수서역 화장실은 이용자를 배려하는 부분이 작은 곳에서도 느껴진다”고 말했다. 시상식은 29일 오후 2시 서울 용산구 센트럴프라자(삼경교육센터 7층) 대회의실에서 열린다./에스알										금상에는 시화나래 휴게소 화장실(대현하이웨이), 은상에는 오룡중앙공원 화장실(무안군청) 울주(울산)휴게소 화장실(한국도로공사 부산경남본부) 인천시청역(2호선) 화장실(인천교통공사) 평택휴게소 화장실(한국도로공사 화성지사) 원주역 여객화장실(한국철도공사 서울본부)이 선정됐다. 또 동상에는 맹꽁이 화장실(수원시청) 기암교 화장실(주왕산국립공원사무소) 에코촌 주차장 화장실(제주시청) 시흥 하늘휴게소 화장실(한국도로공사 시흥지사) 모라역 화장실(부산교통공사) 행당역 화장실(서울교통공사) 영등포지하도상가 화장실(서울시설공단) 만연산 생태숲공원 화장실(화순군청) 삼성타운 화장실(대전 동구청) 동대문역 화장실(서울교통공사)이 뽑혔다. 이어 특별상에는 하남풍산역 화장실(서울교통공사) 이태원1 화장실(용산구청) 매봉역 화장실(서울교통공사) 음성(하남 방향)휴게소 화장실(태아산업) 용두역 화장실(서울교통공사) 은행나무길 화장실(아산시청) 육각정 화장실(가야산국립공원) 군포국민체육센터 화장실(군포시청) 이천생태공원 화장실(기장군청) 중앙공원 화장실(광주광역시 서구청)이 선정됐다."
28,2021.10.20. 오후 3:51,"""내가 한국의 일론 머스크"" 진학·취업·창업 다잡은 발명특성화고","Cover Story - 발명특성화고발명인재 키우는 특성화고메이커 창작·드론·3D프린팅 등창의·실용 교육으로 입소문""나만의 자소서 쓴다"" 자신감전국 6개교 3370여명 재학공부와 놀이 '경계'를 허물다공대 진학·공기업 취업률 증가산학프로그램으로 일자리 찾기도학생들이 낸 특허만 5419건 창업 27건·기술이전 13건 달해서울의 유일한 발명·특허 특성화고인 미래산업과학고 학생들이 발명품을 앞에 두고 포즈를 취하고 있다. /김영우 기자서울 노원구의 한 고교 교실. 학생 10여 명이 세계적으로 유명한 온라인 게임 리그오브레전드(LOL) 무대를 3D 프린팅 소재 등으로 재현하는 수업을 하고 있다. 다른 교실에 가 보니 일러스트용 고급 태블릿 ‘와콤 신티크’로 학생들이 만화를 그리고 있다. 웹툰 작가 겸 방송인 기안84가 사용하는 것으로 알려진 제품이다. 공부와 취미, 놀이의 경계가 허물어진 이곳은 학창시절 ‘국·영·수’에 익숙한 기자에겐 낯설게 느껴졌다. 공학 소양을 갖춘 발명 인재를 키우는 미래산업과학고의 모습이다. 진학·취업·창업 ‘세 마리 토끼’ 잡는다발명·특허 특성화고이자 서울교육청이 지정한 영재교육원인 이곳엔 메이커창작과, 컴퓨터특허과, 인공지능(AI)콘텐츠과, 시각디자인과 등 4개 과가 있다. 메이커창작과는 3D프린터, 드론 관련 인재를 양성한다. 네트워크, 시스템 프로그래밍, 드론 정비, 3D프린팅 시제품 제작 등을 배운다. AI콘텐츠과는 게임 프로그래밍, 애니메이션 콘텐츠 제작 등이 주요 과목이다. AI콘텐츠과에 입학하면 명지전문대 소프트웨어콘텐츠과 입학이 자동 보장되는 프로그램을 교원그룹과 함께 운영하고 있다.지난해 10월엔 공학 콘텐츠 크리에이터 그룹이자 유튜버 ‘긱블’과 이 학교 학생들이 제작한 동영상이 대박을 터뜨렸다. 글로벌 인기 게임 ‘어몽어스’의 맵 실사판 제작 과정을 담은 영상으로, 이달 기준 누적 조회수가 388만 회에 달한다.창의적, 실용적 교육으로 입소문이 나면서 입학 지원자가 늘고 있다. 2019년 1.3 대 1이던 입학 경쟁률이 올해 2.03 대 1로 높아졌다. 대학 진학률(졸업생 대비 진학자)은 2019년 46.7%에서 올해 65%로 40% 가까이 상승했다. 올해 미래산업과학고를 졸업하고 한국항공대에 진학한 정승훈 씨는 “관심 없는 과목을 배우기보다는 내가 원하는 길로 가자는 목표를 세우고 메이커창작과에 진학했다”며 “재학 중 여러 대회에 참가하고 자격증 취득에 노력하다 보니 (대학 입시) 자기소개서를 쓸 때 인문계고와 차별화된 나만의 이야기를 풀어낼 수 있었다”고 말했다.이곳 졸업생들이 서울교통공사, 한국철도공사, 한국공항공사, 근로복지공단 등 공기업과 중소기업에 취직하는 사례가 늘고 있다. 창업도 증가세다. 홍익대 기계공학과에 재학 중인 권서원 씨는 시각장애인용 점자 라벨기를 개발해 의료보조기구업체 커머를 창업했다. 발명교육 기업 세모가네모의 문혜진 대표는 서강대 아트&테크놀로지학과 재학 중 창업했다. 세모를 갖고 네모를 만들라고 하면 보통 세모 두 개를 붙여 네모를 만드는데, 사실은 다양한 방법이 있다는 뜻에서 붙인 회사명이다. 기업에 기술 이전 사례도발명특성화고는 미래산업과학고, 경기 수원시 삼일공고, 부산 대광고, 광주자연과학고, 전남 광양하이텍고, 제주 서귀포산업과학고 등 6개 교가 운영 중이다. 2007년 교육과학기술부가 주관하고 특허청, 지방교육청 등이 참여해 사업을 시작했다. 지난해 말 기준 3370여 명이 재학 중이다.광양하이텍고는 ‘기업과 함께하는 직무발명 주간’을 운영하고 있다. 광주자연과학고는 일명 ‘INSTAR’ 교육 모형을 개발해 도입했다. I(흥미유발)-N(국가직무능력표준)-S(실무역량 강화)-T(발명기법)-A(특허명세서 분석)-R(직무발명)의 약자다. 대광고는 1~3학년생이 각각 최고경영자(CEO), 영업, 디자인 등을 맡는 창업 프로그램을 운영하고 있다.2008년 삼일공고가 처음 지정된 이후 9개 발명·특허 특성화고에서 4만1823명의 학생이 특허 5419건을 출원했다. 산학협력 프로그램으로 일자리를 찾은 학생은 1301명, 창업 사례는 27건이다. 기업으로 이전된 기술은 13건이다. 대학과 연구소에서 개발한 기술도 기업 이전이 쉽지 않은 점을 감안할 때 주목할 만한 성과다.학과 단위로 발명 특성화 교육을 하는 곳도 있다. 광주여자상업고, 경기 세경고, 전북 한국게임과학고 등 세 곳이다. 전남 목포공고, 부산기계공고, 서울디지텍고, 서울아이티고, 서울 인덕과학기술고 등 다섯 곳은 교과 단위로 발명 교육을 하고 있다. 특허청은 교과 단위 발명·특허 교육에 참여할 직업계고 다섯 곳을 다음달 초까지 모집한다. 특허청 관계자는 “4차 산업혁명 시대엔 기술 숙련도뿐 아니라 창의적 문제해결 능력과 협력, 의사소통 능력을 보유한 인재가 필요하다”며 “발명 교육을 통해 이런 역량을 체계적으로 기를 수 있다”고 말했다."
29,2021.10.12. 오전 6:00,[오늘의 국감](12일),"			▲ 법제사법 = 헌법재판소, 헌법재판연구원(10시, 국회), 고위공직자범죄수사처(14시, 국회)    ▲ 정무 = 국민권익위원회, 국가보훈처, 한국보훈복지의료공단, 독립기념관, 88관광개발㈜(10시, 국회)    ▲ 기획재정 = 관세청, 조달청, 통계청(10시, 국회)    ▲ 교육 = 부산광역시교육청, 대구광역시교육청, 광주광역시교육청, 울산광역시교육청, 제주특별자치시교육청, 전라북도교육청, 전라남도교육청, 경상북도교육청, 경상남도교육청(10시, 국회)    ▲ 과학기술정보방송통신 = 한국방송공사, 한국교육방송공사(10시, 국회)    ▲ 외교통일 = 주카자흐스탄대사관, 주상트페테르부르크총영사관(10시, 주러시아대사관), 주제네바대표부, 주오스트리아대사관(14시, 주제네바대표부)    ▲ 국방 = 방위사업청(10시, 국회)    ▲ 행정안전 = 인천광역시(10시, 인천광역시청), 인천경찰청(시청감사 종료 후, 인천경찰청), 충청남도(10시, 충청남도청), 충청남도경찰청(도청감사 종료 후, 충청남도경찰청)    ▲ 문화체육관광 = 대한체육회, 국민체육진흥공단, 태권도진흥재단, 대한장애인체육회(10시, 국회)    ▲ 농림축산식품해양수산 = 산림청, 산림조합중앙회, 한국임업진흥원, 한국산림복지진흥원(10시, 국회)    ▲ 산업통상자원중소벤처기업 = 한국전력공사, 한국수력원자력, 한국전력거래소, 한국전력기술, 한전국제원자력대학원대학교, 한국원자력환경공단, 한전KDN, 한전KPS, 한국원자력연료, 한국에너지정보문화재단, 한국남동발전, 한국중부발전, 한국서부발전, 한국남부발전, 한국동서발전, 한전엠씨에스㈜(10시, 국회)    ▲ 환경노동 = 경제사회노동위원회, 중앙노동위원회, 최저임금위원회, 산업재해보상보험재심사위원회, 고용보험심사위원회, 고용노동부고객상담센터, 서울지방고용노동청, 중부지방고용노동청, 부산지방고용노동청, 대구지방고용노동청, 광주지방고용노동청, 대전지방고용노동청(10시, 국회)    ▲ 국토교통 = 한국철도공사, 국가철도공단, ㈜에스알, 코레일관광개발㈜, 코레일로지스㈜, 코레일네트웍스㈜, 코레일유통㈜, 코레일테크㈜(10시, 한국철도공사)"
30,2021.10.14. 오후 6:08,가상회의서 통합신공항 체험까지··· 메타버스에 빠진 지자체,"수원시, 행정 서비스 전반에 적용인천은 확장현실 기반 생태계 구축부산도 송정서핑빌리지 조성 등'시민 참여형 플랫폼' 구현 나서경북·구미선 산업 육성 연구용역부산 동서대가 구축한 메타버스 캠퍼스에서 '큐칼리지 1기 입학식'이 열리고 있다. /연합뉴스[서울경제] 코로나19가 촉발한 비대면 서비스의 확산으로 3차원(3D) 가상세계 ‘메타버스’가 핵심 플랫폼으로 부상하는 가운데 지방자치단체들이 앞다퉈 메타버스 활용에 뛰어들고 있다. 주요 지역 축제와 전시회에 메타버스를 도입해 돌파구를 마련하는 한편 관련 인력을 양성하고 정책을 수립하기 위한 움직임도 활발하다.14일 각 지자체에 따르면 경기 수원시를 비롯해 부산시와 인천시 등은 메타버스를 성장 가능성이 높은 유망 산업으로 보고 이를 활용한 사업 추진에 뛰어들었다. 우선 수원시는 단기적으로 메타버스를 활용한 내부 행사를 시범적으로 시행한 후 외부 행사로 확장해나갈 계획이다.중장기적으로는 도서관, 미술관 등 공공 인프라 서비스부터 공공 분야 정보자원까지 아우르는 행정 서비스 전반에 메타버스를 적용하고 관련 기술 보유기업을 발굴해 기술을 사업화하거나 메타버스 활용 국가공모사업과도 연계한다. 메타버스 정책연구단과 메타버스 자문위원단도 운영한다.인천시는 확장현실(XR) 기반 메타버스 생태계 구축을 위해 내년 말까지 국·시비와 민간 자본 등 138억7,000만 원을 투입하기로 했다. 이번 프로젝트에는 네이버랩스·에스피테크놀로지·플레이스비·인시그널·페네시아가 참여한다. 인천시는 인천국제공항, 개항장, 송도, 부평역 일원 등 380만㎡에 3D 공간지도를 구축하고 시각장애인 등 사회적 약자가 포함된 시민의 의견을 수렴하는 리빙랩을 운영할 방침이다. XR 메타버스 기술 이전 등을 추진해 지역 신산업도 육성할 예정이다.부산시는 메타버스를 차세대 성장동력으로 육성하기 위해 송정해수욕장에 메타버스 가상체험 공간인 송정서핑빌리지를 조성한다. 시민이 직접 참여해 현실 세계 기반 메타버스 서비스를 구현할 수 있도록 시민참여형 플랫폼을 구현할 계획이다. 특히 공원 노후화 등으로 관광객의 발길이 줄어든 용두산공원에는 메타버스 기반의 초실감형 인터랙티브 콘텐츠를 즐길 수 있는 첨단 문화 콘텐츠를 조성한다.경북도와 구미시도 메타버스 산업육성 연구용역에 착수했다. 용역에는 메타버스 산업육성 모델 창출을 위한 기반 인프라 현황 분석과 모델 발굴, 국책 사업 공모 대응 기본계획, 국가산업단지 실증 방안 마련 등의 내용이 담긴다. 앞서 경북도는 메타버스 산업의 핵심 가운데 하나인 XR 디바이스 개발 기술지원을 위한 센터를 구미에 유치해 관련 기업을 육성 중이다.대전시와 세종시, 충남도, 충북도, 대덕특구 연구기관은 메타버스와 인공지능을 융합한 신사업 발굴에 나섰다. 인공지능과 메타버스 핵심 기술을 연구·개발하고 지자체에서 실증·확산하는 방식의 생태계를 구축 중이다. 메타버스 환경과 인공지능 솔루션을 통해 바이오·자동차·디지털 헬스케어·반도체 등 지역 주력 산업을 지원함으로써 복지, 교통, 안전, 환경 분야 등에 적용할 계획이다.메타버스 기반 서비스도 늘어나는 추세다. 경북도는 군위군과 의성군 일대로 이전하는 대구경북통합신공항을 메타버스로 간접 체험하는 시스템을 구축한다. 내년에 사업비 10억 원을 투입해 네이버 메타버스 플랫폼인 ‘제페토’로 통합신공항을 구축하고 PC와 모바일로 서비스할 방침이다. 가상공간에서 통합신공항을 구현해 공항 입장부터 발권, 화물 발송, 공항 편의점 이용, 출국심사, 면세점 이용, 탑승 등 시간 순서대로 체험을 할 수 있도록 한다는 구상이다. 공항 편의점에는 지역 우수 농산물과 제품을 소개하고 실제 거래도 할 수 있도록 할 계획이다.전북도는 메타버스 활용 가상회의를 시범 운영한다. 메타버스 플랫폼의 가상공간 회의실을 개설한 후 간부회의와 기자 간담회 등을 대상으로 시험 운영하고 내년부턴 시장·군수 간담회, 직원교육, 정책포럼 등 확대 운영할 예정이다. 전남도는 메타버스 기술을 활용한 행정 서비스 등 다양한 분야에 걸쳐 아이디어 발굴에 나서고 있고 부산 금정구는 메타버스를 활용한 온·오프라인 축제 ‘라라라 페스티벌’을 개최한다.경북 고령군과 대구 수성구는 메타버스를 직원 교육에 활용하고 있다. 경북 고령군은 메타버스의 개념을 이해하고 관광·문화·행정에 접목 할 수 있는 능력 개발을 위한 메타버스 특강을 지난 12일에 이어 19일 개최한다. 대구 수성구는 이론과 비대면 실습을 통해 메타버스를 업무에 적극 활용하기 위한 메타버스 체험 워크숍을 오는 27일부터 네 차례에 걸쳐 진행한다.메타버스 시대를 선도하기 위한 지역 대학의 기술 개발도 눈에 띤다. 울산과학기술원(UNIST)은 최근 가상현실에서 물체를 만지고 느낄 수 있는 장갑 기술을 개발했다. 장갑에 부착된 고정밀 센서가 사용자 손 움직임을 측정해 가상현실로 전달하고 가상세계의 열과 진동 같은 자극을 손으로 다시 피드백하는 기술이다.부산시 관계자는 “코로나19 확산으로 비대면 행정의 중요성이 높아지면서 메타버스가 이를 구현하기 위한 핵심 플랫폼으로 부상하고 있다”며 “시민들이 주도적으로 참여하는 메타버스 서비스를 통해 지역경제 활성화와 관련 산업 육성에 나설 계획”이라고 말했다."
31,2021.10.11. 오후 4:00,[내일의 국감](12일),"			▲ 법제사법 = 헌법재판소, 헌법재판연구원(10시, 국회), 고위공직자범죄수사처(14시, 국회)    ▲ 정무 = 국민권익위원회, 국가보훈처, 한국보훈복지의료공단, 독립기념관, 88관광개발㈜(10시, 국회)    ▲ 기획재정 = 관세청, 조달청, 통계청(10시, 국회)    ▲ 교육 = 부산광역시교육청, 대구광역시교육청, 광주광역시교육청, 울산광역시교육청, 제주특별자치시교육청, 전라북도교육청, 전라남도교육청, 경상북도교육청, 경상남도교육청(10시, 국회)    ▲ 과학기술정보방송통신 = 한국방송공사, 한국교육방송공사(10시, 국회)    ▲ 외교통일 = 주카자흐스탄대사관, 주상트페테르부르크총영사관(10시, 주러시아대사관), 주제네바대표부, 주오스트리아대사관(14시, 주제네바대표부)    ▲ 국방 = 방위사업청(10시, 국회)    ▲ 행정안전 = 인천광역시(10시, 인천광역시청), 인천경찰청(시청감사 종료 후, 인천경찰청), 충청남도(10시, 충청남도청), 충청남도경찰청(도청감사 종료 후, 충청남도경찰청)    ▲ 문화체육관광 = 대한체육회, 국민체육진흥공단, 태권도진흥재단, 대한장애인체육회(10시, 국회)    ▲ 농림축산식품해양수산 = 산림청, 산림조합중앙회, 한국임업진흥원, 한국산림복지진흥원(10시, 국회)    ▲ 산업통상자원중소벤처기업 = 한국전력공사, 한국수력원자력, 한국전력거래소, 한국전력기술, 한전국제원자력대학원대학교, 한국원자력환경공단, 한전KDN, 한전KPS, 한국원자력연료, 한국에너지정보문화재단, 한국남동발전, 한국중부발전, 한국서부발전, 한국남부발전, 한국동서발전, 한전엠씨에스㈜(10시, 국회)    ▲ 환경노동 = 경제사회노동위원회, 중앙노동위원회, 최저임금위원회, 산업재해보상보험재심사위원회, 고용보험심사위원회, 고용노동부고객상담센터, 서울지방고용노동청, 중부지방고용노동청, 부산지방고용노동청, 대구지방고용노동청, 광주지방고용노동청, 대전지방고용노동청(10시, 국회)    ▲ 국토교통 = 한국철도공사, 국가철도공단, ㈜에스알, 코레일관광개발㈜, 코레일로지스㈜, 코레일네트웍스㈜, 코레일유통㈜, 코레일테크㈜(10시, 한국철도공사)"
32,2021.10.10. 오후 8:54,10월 11일 알림,"박종렬 한국기독교사회발전협회 이사장.◇한국기독교사회발전협회는 최근 총회에서 박종렬(74) 목사를 새 이사장으로 선임했다. 또 매월 둘째 금요일 오후 4시 ‘포럼 카이로스’를 열어 기독인들의 사회담론을 논의하기로 했다. 첫번째 포럼에서는 유종성 가천대 교수가 발제를 맡았다.왼쪽부터 황희 문화체육관광부 장관과 민희경 CJ 사회공헌추진단장. 문체부 제공◇ CJ문화재단은 8일 서울 용산구 국립중앙박물관에서 열린 ‘제40회 세종문화상 시상식’에서 문화다양성 부문을 수상했다. 대중문화 소외 영역에서 젊은 창작자를 발굴하고 한국 문화의 다양성을 확대하는 데 기여한 공로가 높이 평가됐다. 수상자는 상금 3천만원과 함께 대통령 표창을 받는다.전주 시내버스 기사. 문체부 제공‘놀면 뭐하니-유야호’. 문체부 제공◇문화체육관광부는 10일 ‘2021 가을 한복문화주간'을 맞아 ‘한복사랑 감사장' 수여자로 <놀면 뭐하니>(MBC) 제작팀과 유야호(유재석), 브레이브걸스와 타크비, 전주 시내 버스기사, 다문화 대안학교 '해밀학교'등 총 6개팀을 선정했다. 수여식은 13일 서울 스타필드 코엑스몰에서 개최된다. 아울러, 한복문화주간인 17일까지 ‘한복과 어울리다'를 주제로 다채로운 온·오프라인 행사가 마련된다.에릭 모브랜드 랜드연구소 한국 석좌. 한국국제교류재단 제공◇ 한국국제교류재단은 지난 7일(현지시각) 미국 로스앤젤레스(LA) 사무소를 통해 2019년부터 후원하고 있는 싱크탱크 랜드연구소의 한국 석좌에 에릭 모브랜드 서울대 국제대학원 교수가 임명됐다. 모브랜드 석좌는 미국 워싱턴대학에서 정치학 학사를, 프린스턴 대학에서 정치학석·박사를 받았다.◇ 한글문화연대는 9일 공공기관과 언론이 많이 사용하는 외국어를 대체할 우리말 3500여개를 모은 <쉬운 우리말 사전>을 공개했다. ‘생활원예’(가드닝의 대체어)로, ‘관계망’(네트워크의 대체어)와 같이 외국어를 대신한 용어집은 누리집(plainkorean.kr)을 통해 찾아볼 수 있다. 한글문화연대는 외국어를 대신할 우리말을 매달 추가할 예정이다.◇ 효성티앤씨(대표 김용섭)는 23일까지 제주도, 제주관광공사와 함께 이호테우 해수욕장 친환경 팝업전시, 스토어인 ‘필터(Filter)’ 프로젝트를 한다. 대형 현수막과 가방에 제주도에서 수거한 페트병으로 만든 리사이클 섬유 ‘리젠제주(regen® jeju)’와 ‘리젠(regen®)’을 공급한다. ◇ 한국공공언어학회(회장 김미형)는 지난 8일 한글날 575돌을 맞아 제4회 학술대회를 했다. 현대경제연구원 연구팀이 ‘공공언어 개선의 경제적 효과 추정’이라는 주제로 발표했다. 이형권 충남대 교수. 김준오시학상운영위 제공◇ 김준오시학상운영위원회는 지난 8일 올해 제11회 김준오시학상 수상자로 평론가인 이형권 충남대 국어국문학과 교수를 선정했다. 수상작은 <미주 한인 시문학사>이고, 상금은 1천만원이다. 시상식은 12월 11일 부산일보 소강당에서 한다.◇ 하이브는 8일 한글날을 맞아 소속 그룹 방탄소년단(BTS) 한글 서체 그래픽을 활용한 팬 상품 모음전을 커머스 플랫폼 위버스샵에서 했다. 이 서체는 방탄소년단 공식 로고에서 영감을 받아 개발된 것으로, 방탄소년단 서체 그래픽이 들어간 한글 보드게임, 피규어 등을 선보일 예정이다. ◇ 국립중앙도서관 은 24일까지 국외 한국학 사서와 연구자를 대상으로 워크숍을 한다. 한국학 사서 글로벌 네트워크 회원이면 누구나 참가할 수 있으며, 워크숍 누리(nlkworkshop.or.kr)에서 도서관과 고문헌 관련 강의를 들을 수 있다.◇ 주택도시보증공사(HUG)는 지난 8일 초록우산어린이재단에 취약계층 지원을 위한 사회공헌 기부금 7억원을 전했다. 기부금은 긴급 주거지원이 필요한 아동 가정에 대한 주택 임차자금 지원, 취약계층 노후주택 보수, 한부모·조손가정 아동에 대한 신학기 입학선물, 저소득 장애 아동 가정에 대한 의족과 전동휠체어 지원 등의 자금으로 쓰인다.◇ 국가기술표준원은 지난 7일(현지시간) 두바이에서 열린 ‘제85차 국제전기기술위원회’(IEC) 정기총회에서 전기·전자 분야 제품 안전 인증 절차와 방법, 원칙 등 적합성평가 주 사항을 결정하는 적합성평가이사국으로 재선임됐다. 조규식 LG전자 책임연구원이 새로 이사를 맡아 내년부터 2024년까지 3년간 활동한다.◇프로농구 서울SK는 8일 2021~2022시즌 경기 실적에 따라 전희철 감독은 1승당 20만원을, 허일영 선수는 3점 슛 1개당 3만원을, 최부경은 리바운드 1개당 2만원을 적립해 시즌 종료 후 기부하기로 했다. 기부처는 SK의 ESG(환경·사회·지배구조) 활동과 연계해 결정될 예정이다.◇ 서울교통공사는 지난 8일 지하철 운행 중 안내방송 능력을 평가하는 ‘2021 최우수 방송왕 대회' 우승자로 7호선 기관사 신찬우씨를 선정했다. 신씨는 2019년 입사한 26세 직원으로, 대회 중 외국인 승객을 위해 영어로 대피 방송을 한 점을 높이 평가받았다. ◇ 전남대병원은 지난 8일 심장학 명의이자 전남대병원장인 안영근 교수가 가톨릭의대 장기욱 교수, TALOS-AMI 연구자들과 공동으로 발표한 ‘TALOS-AMI' 연구 결과 논문(공동 저자 정명호·김민철 교수)이 세계에서 가장 오래된 의학 학술지인 영국의 <란셋>(The LANCET)에 게재됐다. 급성 심근경색증 환자의 관상동맥 중재술 이후 항혈소판제제의 단계적 감량 요법의 효과와 안전성에 대한 연구다.◇ 국립국악원이 18일까지 전통예술 및 인접 학문 분야 신진 연구자를 대상으로 ‘제10회 학술상·평론상 원고’를 공모한다. 최우수학술상(1명)엔 상금 500만원과 문화체육관광부장관상을, 우수학술상(1명)과 우수평론상(1명)엔 상금 300만 원과 국립국악원장상을 수여한다.◇ 문화재청 궁능유적본부와 한국문화재재단은 새달 7일까지 ‘제2회 조선왕릉문화제’를 구리 동구릉·고양 서오릉·여주 세종대왕릉·서울 선정릉·남양주 홍유릉·화성 융건릉에서 한다. 온라인과 현장행사가 동시에 펼쳐지며, 30∼31일에는 경남 진주와 경북 경주에서 ‘찾아가는 왕릉문화제’도 함께 진행한다. 누리집 참고(royal.cha.go.kr/main/index.do?siteCd=RPTC).◇ 국립문화재연구소는 8일 ‘흰지팡이의 날'(10월15일)을 앞두고 천연기념물로 지정된 동물 70종을 점자와 음성으로 해설한 자연유산 멀티미디어 점자책 570부를 제작했다. 점자책은 전국 맹학교 13곳에 다니는 어린이 221명과 일반 초등학교에서 학습하는 시각장애인에게 무료로 전달될 예정이다.◇ 국립현대무용단은 새달 19∼21일 서초구 예술의전당 자유소극장에서 아시아 안무가 3인이 바라보는 가족의 단면을 담은 ‘우리가족출입금지'를 한다. 혈연관계 위주의 전통적인 가족 개념에서 벗어나 1인 가구, 대안 가족, 사회적 가족 등 다양한 형태로 존재하는 동시대 아시아의 가족 이야기를 다룬다. 전석 4만원이며, 예매는 누리집(kncdc.kr/ko/performance/detail?boardMasterSeq=1&boardSeq=1310&pgm=info). (02)3472-1420.◇ 지구촌나눔운동(이사장 김혜경)은 지난 29일 한국국제협력단과 함께 ""몽골 축산업 발전을 위한 원스톱 가치사슬 구축"" 사업에 관한 상호 협약을 체결했다. 주민들의 역량 강화, 가축 생산성 향상, 유제품 유통 및 가공 역량 등을 개선하기 위해 현지 기관과 협력하고, 다양한 축산 사업 장려 활동을 펼칠 예정이다. 갤러리 류가헌 제공◇ 갤러리류가헌은 17일까지 서울 종로구 류가헌1관에서 <제8회 포토북페어전>을 한다. 1천여 권의 사진집이 소장된 류가헌 사진책도서관을 중심으로, 오리지널 프린트와 사진집, 절판 사진집, 새로 입고된 사진집 등을 선보인다. 오전 11시부터 오후 6시까지 열고, 월요일은 쉰다. (02)720-2010.강동문화재단 제공◇ 강동구(구청장 이정훈)·강동문화재단(대표이사 이제훈)은 17일까지 강동아트센터 아트랑에서 ‘2021 신진‧중견작가 전시 지원 공모’ 선정 작가 문주호의 <축적된 시간에 대한 변주2> 전시를 한다. 균열이 생긴 석고로 만든 일회용 컵과 과거와 미래가 혼재되어 있는 여러 도상들을 통해 축적된 시간과 공간을 표현한다. 누리집(gdfac.or.kr) 참고.하정우 개인전 포스터. 가나부산 제공◇ 가나부산은 31일까지 부산 해운대구 가나부산에서 하정우 작가의 개인전 <넥스트 룸>(NEXT ROOM)을 연다. 배우 하정우가 아닌 하정우 자체로서의 삶에 대한 성찰, 그리고 미래에 대한 기대와 설렘을 공유하는 50여점의 작품을 선보인다. 오전 10시부터 오후 7시까지 열고, 월요일은 쉰다. (051)740-2020.성북문화재단 제공◇ 성북구·성북문화재단은 새달 11~16일 서울 성북구 아리랑시네센터 아리랑인디웨이브에서 `제1회 성북청춘불패영화제'를 한다. 박홍열 촬영감독, 이화정 영화 저널리스트, 임선애 영화감독이 심사하고, 상금은 최대 300만원이다. 누리집(sbff.co.kr) 참고.		"
33,2021.10.19. 오전 6:01,‘이재명 국감’ 다음날은 ‘오세훈 국감’?···서울시 국감 ‘박원순 지우기’ 쟁점 [오늘의 국감],"			[경향신문] 오세훈 서울시장./박민규 선임기자국회는 19일 행정안전위원회 등 8개 상임위원회에서 국정감사를 실시한다. 이날의 ‘핫 코너’는 행안위에서 펼쳐질 서울시 대상 국감이 될 것으로 보인다. 오세훈 서울시장이 시장 취임 이후 첫 국감을 받는다.행안위는 이날 서울시청에서 오 시장이 참석한 가운데 서울시 대상 국감을 진행할 예정이다. 쟁점은 오 시장이 최근 박원순 전 시장 재임 시절 진행됐던 민간위탁사업에 대한 감사를 본격화한 부분이다. 이른바 오 시장의 이 같은 ‘박원순 지우기’ 정책과 관련해 여야의 치열한 공방전이 예상된다.앞서 오 시장은 지난달 두 차례 브리핑에서 전임 시장 시절 민간위탁, 민간보조사업의 관행화된 세금 낭비 구조를 바로잡겠다고 선언한 바 있다. 이에 대해 시민단체들은 오 시장이 다양한 행정영역에 민간 영역이 참여해 성과를 높이는 민·관협치에 대한 이해도가 낮다고 지적하고 있다.서울시에 대한 국감은 전날 더불어민주당 대선 후보인 이재명 경기지사가 행안위의 경기도 대상 국감에 참석했던 것에 뒤이어 펼쳐지는 만큼 여야가 공격과 수비를 바꿔 진행될 것으로 보인다.■법제사법 = 법제처(10시, 국회), 군사법원(14시, 국회)■교육 = 경북대학교, 부산대학교, 경상국립대학교, 전북대학교, 전남대학교, 제주대학교, 경북대병원, 경북대치과병원, 부산대병원, 부산대치과병원, 경상국립대병원, 전남대병원, 전북대병원, 제주대병원(10시, 국회)■국방 = 국방과학연구소(10시, 국방과학연구소), <현장시찰> 공군 제17전투비행단(15시, 충북 청주)■행정안전 = 서울특별시(10시, 서울시청), 서울경찰청(시청감사 종료후, 서울경찰청)■문화체육관광 = 한국예술종합학교, 한국언론진흥재단, 국제방송교류재단, 언론중재위원회, 국립발레단, 국립극단, 국립국어원, 국립국악원, 사행산업통합감독위원회, 한국관광공사, 그랜드코리아레저(주), 한국문화정보원, 한국문화관광연구원, 한국도박문제관리센터(10시, 국회)■농림축산식품해양수산 = 산업협동조합중앙회(수협은행 포함), 해양수산과학기술진흥원, 한국수산자원공단, 한국해양교통안전공단, 한국해양진흥공사, 한국어촌어항공단(10시, 국회)■보건복지 = 한국노인인력개발원, 한국사회보장정보원, 한국보건복지인력개발원, 한국보육진흥원, 한국장애인개발원, 아동권리보장원(10시, 국회)■환경노동 = <현장시찰> 시화호조력발전소(13시 30분, 안산)		"
34,2021.10.22. 오후 5:11,[제주 24시] 제주 오등봉공원 민간 특례 사업 '감사원 조사 착수',"시행사, '허위사실 공표 명예훼손 법적 조치 취하겠다' 일파만파제주시 오등봉공원 민간 특례 개발사업 조감도(ⓒ제주도)제주시 오등봉공원 민간 특례 개발사업 추진 과정에서의 논란이 확산하자 감사원이 오등봉공원을 포함해 민간 특례사업에 대한 자체 조사를 착수했다. 22일 감사원은 제주를 포함해 대구와 부산, 인천 등 11개 시·도에 민간 특례를 포함한 도시공원 관련 자료 제출을 요구한 것으로 알려졌다.제주시 오등봉공원 민간 특례 개발 사업은 제주시 오등동 1596번지 일원 연북로∼한라도서관∼제주연구원을 아우르는 76만4863㎡ 부지를 개발하는 사업이다. 이 가운데 9만1151㎡를 2025년까지 8162억 원의 사업비를 들여 1422세대 규모의 공동주택을 짓고 나머지 67만3712㎡는 공원 시설 등을 조성해 기부하는 방식 사업이다.이 과정에서 시민 단체는 제주시가 민간 특례사업 기준 미충족, 전략환경영향평가 협의 내용 불이행, 환경영향평가서에 전략환경영향평가 협의 내용 미반영, 환경영향평가 절차 미비한 상태에서의 사업 승인, 환경영향평가 전문기관에 대한 검토 의뢰 미이행 등 무리하게 추진하는 과정에서 절차적 정당성을 잃었다고 주장하고 있다. 제주환경운동연합과 오등봉공원 지키기 도민 공익소송단은 21일 제주지방법원에 '오등봉공원 도시계획 시설사업 실시계획 인가 처분 무효 확인 소송'도 제기한 바 있다.이 사업 추진 과정을 요약해 보면 2020년 12월22일 제주시 오등봉·중부도시공원에 약 1조2000억원을 투자하는 민간 특례사업에 특수목적법인(SPC)인 오등봉아트파크㈜·제주중부공원개발㈜과 민간 특례사업 협약을 체결했다고 밝혔다. 그런데 2021년 4월 29일 제394회 임시회 제1차 회의를 열어 제주도가 제출한 오등봉·중부공원 민간 특례사업 환경영향평가서 협의 내용 동의안에 대해 심사보류 결정했다. 당시 제주특별자치도의회 환경도시위원회가 ""오수처리와 용수공급 등 상하수도 문제, 학교 부지 문제, 공원의 사유화 문제 등을 들어 오등봉·중부공원 민간 특례사업 환경영향평가서 협의 내용 동의안은 용수공급 계획 하수처리 계획 등에 대한 신중한 검토가 필요하다""라며 심사 보류한 것이다.어쨌든 도의회 환경도시위원회는 도시공원 일몰제 문제를 제기했는데 당시 제주시는 '보전녹지로 묶으면 된다'라고 주장, 결국 통과는 됐지만, 책임 공방 여지는 남아있는 듯하다. 제주 도시공원 민간 특례 개발사업 환경영향평가서가 우여곡절 끝에 제주특별자치도의회 본회의에서 통과될 당시 표결 결과는 재적의원 41명 중 찬성 31표, 반대 9표, 기권 1표로 통과됐다. 그동안 일몰제로 인해서 도시공원 지구 지정이 해제될 전망이었다. 70%는 공원으로 존치하고, 나머지 30%만 개발한다는 조건과 용수공급 및 하수처리문제, 이해관계자와 지속적인 협의와 소통이라는 부대의견을 붙였지만, 8월 10일 해제 두달 정도 남은 상황에서 도 의회가 제주시가 체결한 사업자의 손을 들어 준 것이다.그런데 최근 홍명환 도의원(민주당, 제주시 이도이동 갑)이 이 사업과 관련, 문제를 제기하면서 불을 지폈다. 이와 관련 제주시와 함께 이 사업의 공동 시행자인 호반건설 컨소시엄의 오등봉아트파크 주식회사는 22일 최근 논란과 관련해 보도자료를 내고 입장을 밝혔다. 그런데 ""본 사업 진행과 관련해 최근 며칠간 근거 없는 의혹들을 지속해서 제기하고 허위사실을 공표한 해당 도의원에 대해 허위사실 공표로 인한 명예훼손 등으로 법적 조치할 것""이라고 밝히면서 논란이 일파만파로 확산해 귀추가 주목된다.사진=제2회 제주국제해양레저박람회를 설명하고 있는 구만섭 제주특별자치도지사 권한대행과 해양수산부 문성혁 장관(ⓒ제주특별자치도)◇제주 국제해양레저박람회 '제주, 아시아 해양레저 허브로 나아갈 것'제주특별자치도는 제주국제컨벤션센터에서 제2회 제주국제해양레저박람회 개막식을 개최했다.22일 오후 2시 해양수산부, (사)제주해양레저협회와 함께 한 이번 행사는 대한민국의 해양레저산업 활성화와 함께 전국 네트워크 구축 방안을 제시하고, 제주지역 관광 인프라를 활용하여 해양레저 저변을 확대하기 위해 추진됐다.이 자리에서 구만섭 제주특별자치도지사 권한대행은 ""제주는 대한민국을 넘어 아시아의 해양레저 허브로 나아갈 것""이라며 ""그 여정에 늘 함께해주시기를 바란다""고 강조했다. 함께 참석한 해양수산부 문성혁 장관은 ""단계적 일상회복 시작을 앞두고 지역경제 활성화 관광산업 진흥을 위한 정부의 역할이 요구되고 있는 시점""이라며 ""바다로 둘러싸인 해양레저 메카로 주목받는 제주에서 제주국제해양레저박람회가 열리게 되어 뜻깊다""고 말했다.한편 '해양레저로 오션뉴딜 선도'라는 대주제로 열리는 제2회 제주국제해양레저박람회는 지난 21일부터 23일까지 3일간 제주국제컨벤션센터와 제주도 일원에서 진행되며, 내국인 3000여명(사전 접수)과 해외 5개국 이상에서 300여명(관광객·참가업체·초청객 등)이 온·오프라인을 통해 참여할 예정이다.◇휠체어도 내비게이션 서비스받는다제주특별자치도는 22일 제주돌문화공원에서 휠체어 내비게이션 앱 시연회에 대한 중간보고회를 개최했다.과학기술정보통신부·한국지능정보사회진흥원 관계자와 지체장애인 등 20여명이 참석한 가운데 열린 이 날 보고회는 휠체어 사용자가 내비게이션을 통해 안내받고 이동하는 시연회를 겸해 열렸다.경로 안내는 헬기 라이다(LiDAR) 센서를 활용해 경사로, 오르막길의 각도를 측정해 높이까지 데이터를 구축하고, 이를 음성서비스로 제공한다. 또한, GPS 신호가 닿지 않는 숲길을 지날 때는 제주도가 보유하고 있는 글로벌 위성항법 시스템을 활용하면 정확한 길 안내가 가능하다.휠체어 내비게이션 서비스는 이동 약자들의 관광지 등 교통 접근성과 편의성을 개선하고, 더욱 나은 표준화된 관리체계를 구축하기 위해 추진되고 있는데 도는 향후 실내에서도 내비게이션이 가능하도록 시스템을 구축해 실내 관광지에서도 라이다(LiDAR) 센서를 활용해 서비스를 제공할 계획이다."
35,2021.10.13. 오후 6:18,뻔했잖아? 보기만 하는 과학관… 해 보는 과학관으로 변했잖아!,"추억의 과학관, 이렇게 바뀌었습니다부산어린이창의교육관에서 명령어로 로봇을 직접 작동해보는 어린이.부산에서 유년기와 청소년기를 보낸 사람이라면 누구나 가보았을 추억의 과학관 두 곳이 최근 완전히 다른 모습으로 재개관했다. LG디스커버리랩 부산(옛 LG사이언스홀 부산)과 부산어린이창의교육관(옛 부산어린이회관)이다. 운영 주체와 대상은 다르지만 두 곳 모두 최신 과학기술을 반영한 체험 공간으로, 지루한 전시관과는 한참 거리가 멀다. 이름뿐 아니라 많은 것이 바뀐 두 과학관을 찾아가보았다.부산어린이창의교육관어린이 체험 중심 복합문화공간부산어린이창의교육관은 어린이대공원에서 고개를 들면 산자락에 보이는 타워 건물, 옛 부산어린이회관이다. 1974년 개관했고, 73억 원이 투입된 리뉴얼을 거쳐 46년 만인 지난해 10월 재개관했다. 올 1월부터는 거리 두기 단계에 따라 인원을 제한해 사전 예약제로 운영하고 있다.과거 부산어린이회관이 기초과학 중심의 전시물 위주였다면 지금의 부산어린이창의교육관은 상상력과 창의력을 중심에 둔 체험 기반의 복합문화공간으로 설계됐다. 유아와 초등학생이 대상인 만큼 과학을 배우기보다는 두드리고 만지고 뛰면서 ‘놀이’로 즐기는 콘셉트다.부산어린이창의교육관 자전거레이싱.부산어린이창의교육관 야구 게임.부산어린이창의교육관 건물 전경.1층은 유아와 초등 1~2학년을 위한 공간이다. 로봇댄스를 보고 직접 조작도 해보는 ‘로봇놀이터’, 그림을 그려서 스크린에 띄우거나(내가 그린 세상) 모래를 파거나 쌓으면 감자, 딸기, 땅콩 등 영상이 나타나는(만지작 만지작) 실감형 콘텐츠가 풍성하다. 유아놀이터와 소극장도 있다.2층 전시관은 주로 초등 3학년 이상이 대상이지만 실감 나는 체험은 마찬가지다. 축구로봇이 빨간색 공을 좇아 슛을 날리는 걸 응원하거나 뇌파로 움직이는 레이싱게임을 해볼 수도 있다. 비행교육부터 시뮬레이션, 우주도시 건설까지 이어지는 VR 우주 체험이나 야구, 탁구, 자전거레이싱 등 7개 종목의 ICT 융합스포츠관은 늘 만원이다.3층은 문화공간이다. 창밖의 숲을 보면서 눕거나 앉아 책을 볼 수 있는 놀이숲도서관은 교육관이 자랑하는 공간이다. 명상쉼터에서는 어린이와 어른이 함께하는 명상이나 어린이영화 해설 프로그램이 운영된다. 백양산 전망이 멋진 10층 전망대도 숨은 명소다.로봇놀이터·축구로봇·ICT융합스포츠 등만지고 뛰면서 ‘놀이’로 과학 즐기는 곳월별 주말 예약 5분 만에 매진되는 ‘핫플’체험 중심 콘텐츠나 네잎 클로버 모양의 원형 전시관, 2시간 30분 관람 시간 제한과 개별프로그램 현장 발권 방식은 과학관보다는 놀이공원을 연상하게 한다. 조영기 운영팀장은 “아이들 눈높이를 맞추기 위해 유아·초등 교육 전문가로 TF를 꾸리고 콘텐츠 개발부터 이름, 공간 구성까지 모든 영역에 교육 현장의 의견을 반영했다”고 설명했다.반응은 뜨겁다. 한달치 주말 예약은 예약 시작 5분 만에 매진된다. 하승희 운영부장은 “전문 과학해설사의 안내에 따라 아이뿐 아니라 어른도 함께 즐길 수 있고 방역 관리도 철저해서 엄마들 사이에서 ‘핫플’로 입소문이 났다”고 전했다. 김혜정 전시해설실장은 “시간 제한이 있으니 연령별 프로그램을 살펴보고 미리 동선을 짜고 오면 더 효과적”이라면서 “장애인 어린이 가족을 위한 해설 프로그램도 운영하고 있으니 더 많은 어린이들이 찾아주길 바란다”고 말했다.▶부산 부산진구 초읍동 어린이대공원 내에 있다. 월요일은 휴관한다. 개인 관람은 유아와 초등학생을 동반한 가족 단위로 평일 오후와 주말·공휴일에 사전 예약만 받는다. 매달 마지막 주 수요일 오전 10시에 홈페이지에서 그달 예약을 시작한다. 차량 출입이 제한되지만 임산부나 장애인 등 교통약자는 사전에 협의하면 따로 안내를 받을 수 있다.LG디스커버리랩 제스처 인식 연구소의 손동작 촬영 단계.LG사이언스홀 부산해보면서 배우는 인공지능 교육공간LG사이언스홀 부산은 지난 5일 LG디스커버리랩 부산으로 다시 문을 열었다. 부산 시민들과 과학계의 아쉬움 속에 폐관한 지 1년 10개월 만의 귀환이다. LG사이언스홀 부산은 그룹의 모태인 락희화학과 금성사 공장이 있던 연지동에 1998년 5월 LG청소년과학관이라는 이름으로 문을 열고 21년간 운영됐다.LG디스커버리랩 부산 이은정 책임은 “과학 분야 전반의 전시체험 공간이었던 사이언스홀과 달리 LG디스커버리랩은 인공지능이라는 주제와 교육 기능에 초점을 맞춘 공간”이라면서 “과학교육공간에 대한 지역의 수요가 여전히 큰 것을 확인하고 수 차례 협의를 거쳐 서울보다 앞서서 LG디스커버리랩 부산을 개관하게 됐다”고 강조했다.LG디스커버리랩 부산의 슬램 연구소의 손동작 촬영 단계..LG디스커버리랩 부산의 챗봇 연구소.LG디스커버리랩 부산 건물 전경.1층 입구에서는 화장품 판매 매장과 물류센터에서 작동하는 인공지능 로봇의 모형 시연을 먼저 만난다. 같은 층의 개방형 교육장을 지나서 2층으로 올라가면 본격적인 교육장이 나온다. LG 인공지능 연구원과 LG전자를 비롯한 현장의 연구자들이 인공지능을 로봇, 시각지능, 언어지능, 디지털휴먼, 데이터지능의 5개 분야로 나누어서 청소년 눈높이에 맞는 교육 프로그램을 개발했다. 현재는 제스처 인식, 슬램, 챗봇 등 3개 프로그램이 준비됐다.청소년 눈높이에 맞춰 ‘인공지능’ 교육제스처 인식·슬램·챗봇 프로그램 운영직접 해 보면서 배우는 방식으로 흥미 UP모든 교육은 ‘러닝 바이 두잉(해보면서 배우는)’ 방식으로 운영된다. 제스처 인식 연구소에서는 미니 로봇 조립부터 시작해 모터 회전 방향을 지시하는 손동작을 촬영하고, 해당 동작을 코딩으로 입력한 다음 손동작만으로 직접 로봇을 제어해보는 식이다. 슬램 연구소는 로봇 청소기부터 자율주행 차량까지 널리 이용되는 슬램(SLAM, Simultaneous Localization and Mapping) 기법을 배우는 곳이다. 로봇청소기가 장애물과의 거리를 측정해 이동 경로를 계산하는 과정을 직접 수행해본다. 11월부터 운영될 챗봇 연구소에서는 미래직업을 주제로 자연어 처리와 머신러닝 기술을 활용하는 챗봇을 직접 제작한다.지난 7일 3학년 학생들과 프로그램을 이용한 만덕중학교 안성림 교사는 “학생들이 2학년 정보 수업에서 코딩을 배웠고, 대학생 보조 강사들도 도와줘서 코딩과 로봇 작동 교육을 무난히 따라갔다”면서 “부산에 인공지능 특화 교육공간이 생겨 기대가 크고, 연령이나 수준별 다양한 난이도의 프로그램이 생긴다면 더 도움이 될 것 같다”고 말했다.LG디스커버리랩 부산은 일단 교육의 난이도나 자유학년제를 고려해 중학교 1학년을 주요 대상으로 설정하고 학급 단위 신청을 받아 운영할 예정이다. 앞서 부산시교육청과 업무협약도 체결했다. 또 시민들의 문의가 많은 만큼 연말까지는 다양한 기관별 교육을 해보면서 향후 교육 대상과 프로그램을 확대하는 방안도 검토하기로 했다.▶부산 부산진구 연지동 LG화학 건물 1~2층에 있다. 화~금요일에 오전반(오전 9시 30분)과 오후반(오후 1시)으로 나눠 프로그램별로 2시간 과정을 운영한다. 지금은 홈페이지에서 중학교(1학년) 단체 사전 신청만 받는다. 거리두기 단계에 따라 8~12명 정원으로 축소 운영하고 있다. 모든 프로그램은 무료다.사진=최혜규 기자·부산어린이창의교육관·LG디스커버리랩 부산 제공"
36,2021.10.07. 오후 10:30,10월 8일 알림,"한철희 대표. 돌베개 제공  ◇ 문화체육관광부는 7일 ‘제35회 책의 날'을 맞아 출판문화 발전에 기여한 공로로 한철희 돌베개 대표이사를 은관문화훈장 수상자로 뽑았다. 정욱 대원씨아이 대표이사와 김학원 휴머니스트출판그룹 대표이사는 대통령 표창, 탁무권 노원문고 대표이사와 하운근 도서출판 학고방 대표는 국무총리 표창 수상자로 선정했다. 왼쪽부터 김연경 선수, 이승건 비바리퍼블리카 대표. 포니정재단 제공  ◇ 포니정재단은 7일 만 40살 이하 젊은 혁신가를 응원하기 위한 ‘포니정 영리더상'에 배구 선수 김연경과 비바리퍼블리카 이승건 대표를 선정했다. 시상식은 새달 5일 강남 아이파크타워 포니정홀에서 하고, 상금은 5천만원이다.  나카오 히로시 교수. 한국국제교류재단 제공  ◇ 한국국제교류재단(이사장 이근)은 ‘제8회 한국국제교류재단상’ 수상자로 일본 교토예술대의 나카오 히로시 객원교수를 선정했다. 2017년 한-일 공동으로 유네스코 세계기록유산에 〈조선 통신사 기록물〉을 등재하는 데 크게 공헌하는 등 지속적인 한일 교류를 위해 노력한 공로를 인정받았다. 시상식은 29일 서울 동대문디자인플라자(DDP)에서 열릴 ‘제4회 공공외교주간’ 개막식에서 한다.  강재남 시인. 시산맥 제공  ◇ 시산맥·광주일보·동주문학상제전위원회는 7일 ‘제6회 동주문학상’ 수상자로 강재남 시인을 선정했다. 수상작은 ‘꽃이라는 기호의 모습' 등 5편이고, 상금은 1천만원이다. 해외에서 우리말로 시를 쓰는 시인들을 대상으로 하는 ‘동주해외작가상’은 미국 플로리다에서 활동하는 임혜신 시인, ‘동주해외작가특별상’과 ‘동주해외신인상’은 각각 곽상희 시인, 유금란 시인에게 줬다. 권여선 소설가. 김유정기념사업회 제공  ◇ 김유정기념사업회(이사장 김금분)는 7일 ‘제15회 김유정문학상’ 수상자로 소설가 권여선을 선정했다. 수상작은 단편소설 <기억의 왈츠>이며, 상금은 1천만원이다. 시상식은 22일 춘천 스카이컨벤션 스카이홀에서 한다.  김유담 소설가. 김유정문학촌 제공  ◇ 김유정문학촌(촌장 이순원)은 7일 ‘제1회 김유정작가상’ 수상자로 소설가 김유담을 선정했다. 수상작은 단편소설 <안>(安)이고, 상금은 3천만원이다. 수상작품집은 발간하지 않기로 했다. 지난해 강원지역 첫 공립문학관으로 등록되면서 기념사업회와 분리해 ‘김유정작가상’을 새로 제정했다. 2020년 7월부터 2021년 6월까지 발표된 중·단편소설 중 등단 15년 미만 경력을 가진 작가의 작품을 대상으로 심사를 진행했다. 나창운 교수. 전북대 제공  ◇ 전북대는 7일 공과대 고분자나노공학과 나창운 교수가 미국 화학회에서 주관한 고분자 관련 분야 최고 권위의 상 ‘조지 스태포드 휘트비 어워드’에서 한국인 최초 수상자로 선정됐다. 나 교수는 내년 4월 미국 클리블랜드에서 열리는 시상식에 참석해 수상자 기념 강연을 한다.  김돈순 이사. 대한체육회 제공  ◇ 대한체육회는 지난 6일 김돈순 대한육상연맹 사무처장을 신임 이사로 선임했다. 김 신임 이사는 72개 회원 종목단체 600여 명의 회원으로 구성된 대한체육회경기단체연합회의 회장을 맡고 있다.   ◇ 세종솔로이스츠는 7일 최연소 단원 출신인 바이올리니스트 다니엘 조(27)가 독일 함부르크필하모닉 오케스트라 악장에 선임됐다. 1828년에 설립된 이 오케스트라의 제1악장은 13년간 공석이었으며, 선임 과정에서 지휘자 켄트 나가노와 단원들이 참석한 가운데 오디션을 거쳤다. 그는 세종솔로이스츠의 젊은 연주자 양성 프로그램을 통해 16살 때 뉴욕 카네기홀 데뷔 리사이틀을 했고 2013년 파리 루브르박물관에서 유럽 무대에 데뷔했다. 줄리아드 음대에서 강효 교수와 데이비드 챈을 사사했다. 이국한씨의 사진 ‘일출’. 국립부여문화재연구소 제공  ◇ 국립부여문화재연구소는 7일 무령왕릉 발굴 50돌을 기념해 진행한 ‘백제 왕릉 사진 공모전’ 대상 수상작으로 이국한씨가 눈 쌓인 부여 왕릉원 위로 솟은 태양을 촬영한 ‘일출'을 뽑았다. 금상 3명, 은상 6명, 동상 9명과 입선 26명도 선정했다. 12월 말까지 메타버스 ‘게더타운'과 문화재청 네이버 블로그에서 수상작 21점을 공개하는 전시회 <우리들의 시간, 인(in) 백제 왕릉>을 한다. 전태일기념관 제공  ◇ 아름다운청년 전태일기념관(관장 오동진)·교통방송(TBS)은 8일까지 ‘제2회 전태일힙합음악제’ 본선 무대를 <교통방송 티브이>, 유튜브 채널(youtube.com/channel/UC5HSw5OY2vfVFSihpiB-AVQ)에서 방송한다. 이소선 어머니 10돌을 맞아 노동, 여성, 인권을 핵심가치로 삼아 이소선 어머니가 생전에 하신 말씀인 ‘살아서 싸워라(Live and Survive)’가 주제이며, 3명의 최종 우승자에게 상금 100만원을 주고 MC메타와 아날로그소년이 프로듀싱하는 공동 음원 제작, 발매를 지원한다.◇ 에스앤코는 20일까지 2023년 2월 개막 예정인 뮤지컬 <오페라의 유령> 한국어 공연의 오디션 신청을 받는다. 천재 음악가 오페라의 유령과 새로운 프리마돈나 크리스틴, 귀족 청년 라울 등 주·조연과 앙상블, 스윙 등 전체 배역을 뽑는다. 신청은 누리집(sncokorea.com).◇ 김포국제청소년조직위원회는 새달 20일 열리는 ‘제4회 김포국제청소년영화제’ 개막식의 청소년 사회자를 공개모집한다. 김포시에 사는 청소년(만 9~24살) 중 남녀 한명씩 모두 2명을 뽑는다. 1차 지원방법은 구글폼(forms.gle/dVj7U7rPUWcn4D6A7)을 작성하면 되고, 2차 공개오디션은 17일에 한다. 영화제는 새달 20∼28일 김포시 구래동 메가박스 김포한강신도시점에서 한다. 누리집(gimpoyff.com) 참고. ◇ 4·16재단(이사장 김광준)·4.16안산시민연대(공동대표 김은호)은 25일까지 ‘4.16생명안전문화제 제1회 그림 그리기 대회’ 작품 접수를 받는다. 참가 대상은 7~18살 아동·청소년이며, 연필, 크레파스, 물감, 파스텔 부문으로 진행한다. 신청은 링크(bit.ly/그림그리기대회신청)에서 하면 되고, 그림은 우편으로 4.16안산시민연대로 제출하면 된다. 시상식은 30일 안산화랑유원지 4.16생명안전공원부지에서 한다.  무위당학교 제공   ◇ 무위당학교(교장 황도근)는 19일부터 새달 16일까지 매주 화요일 ‘신뢰의 디지털 공동체는 가능한가’를 주제로 20기 가을학기 강좌를 한다. 플랫폼 경제, 블록체인, 가상화폐, 메타버스, 커먼즈 운동 등의 의미와 실체를 탐구한다. 유튜브(1, 5강좌)와 줌(2, 3,4강좌)을 통해 실시간 온라인으로 진행하고, 수강료는 전 강좌 3만원, 개별 수강은 강좌당 만원이다. 신청은 누리집(lifecoopedu.org).◇ 대한산부인과학회는 7일 제25대 신임 이사장으로 박중신 서울대병원 산부인과 교수를 선정했다. 임기는 2년이다.◇ 문화재청·경기도·강원도는 7일 오후 강원도 춘천 엘리시안 강촌에서 ‘제3차 남북 문화유산 정책포럼'을 한다. 한반도 비무장지대(DMZ) 실태 조사에 대한 경과보고와 ‘개성 만월대 디지털기록관의 구축과 활용', ‘개성 한옥 보존사업의 경과와 가치'등을 주제로 한 발표를 한다.  ◇ 세계한인무역협회(월드옥타)는 7일 베트남 하노이지회 김경록 지회장이 ‘코로나19 극복기금' 등 한인사회발전기금 10억 동(약 5천만원)을 기부했다. 하노이 지역 한인 단체의 활성화와 코로나19로 어려움을 겪는 한인 가이드 긴급 구호를 위한 3억 동(1천570만원), 세계한민족 여성네트워크 구축 기금 3억 동, 한인회 발전기금 2억 동(1천46만원), 코로나 극복기금 2억 동 등을 한인 단체 4곳에 각각 기부했다.◇ 한국해양대는 지난 6일 정영섭 범진상운 대표이사(항해학과 75학번)가 발전기금으로 2억원을 기부했다. 정 대표는 해양 분야 전문인력 양성과 대학 교육·연구 발전을 위해 지금까지 모교에 3억1천여 만원을 기부했다.◇ 부산대 7일 경영대학원 최고경영자과정 제32기 졸업생인 지원그룹 박재복 회장이 생활이 어려운 학생들을 위해 ‘지원장학금'으로 3억원을 출연했다. 박 회장은 지원홀딩스, 서울조경건설, 오경종합건설, 오경이엔지 등을 운영하고 있다.◇ 재향군인회는 7일 창설 69돌(10월 8일)을 맞아 참전용사 후손과 향군회원 자녀 중 성적이 우수한 25명에게 장학금 100만원씩을 전했다. 국가 안보와 향군 발전에 기여한 공로로 김형년 인천시회장 등 3명에게 국민포장을 주는 등 모두 277명을 포상했다.◇ 전남 담양군은 7일 창평면 김치과의원(원장 임성익)이 취약계층 후원금 1천만원을 기탁했다. 후원금은 관내 복지 사각지대에 놓여있는 저소득층과 홀로 사는 어르신에게 주택 개선, 생필품 꾸러미 지원 등에 사용한다.◇ CJ대한통운은 7일 어린이 교통사고 예방을 위한 ‘빛 반사 안전가방덮개' 1천개를 경기 광주경찰서에 전했다. 키가 작아 운전자 시야에 들어오기 어려운 초등학교 저학년생을 위해 제작된 안전용품으로, 올해 개교한 경기 광주 신현초, 광주송정초 저학년에 전달한다.◇ 신세계백화점 센텀시티점은 7일 폐페트병으로 만든 4천만원 상당의 이불 570채를 세이브더칠드런에 전했다. 기부품은 부산·경남 지역 취약 아동과 노인, 장애인 가구를 위해 쓰인다.		"
37,2021.10.17. 오후 6:32,"[서경이 만난 사람] 김재수 원장 ""디지털 대전환 시대, 빅데이터가 경쟁력···美처럼 '국가 CDO <최고데이터책임자>' 둬야""","■김재수 한국과학기술정보연구원(KISTI) 원장오바마, 부처·기관에 최고정보책임자 배치해 국민·기업들에 정보 제공 지원産學硏政 '데이터 융합' 펼쳐야 감염병 팬데믹시대 백신·치료제 개발 단축재난재해 대응·탄소중립 등 위한 '슈퍼컴 6호기' 차질 없는 구축도 필요김재수 한국과학기술정보연구원(KISTI) 원장이 15일 서울경제와의 인터뷰에서 “디지털 대전환 시대에는 빅데이터를 잘 활용하는 게 중요하다”고 강조하고 있다. /권욱 기자[서울경제] “미국 버락 오바마 전 대통령은 백악관관리예산처(OMB)를 중심으로 각 정부 부처와 기관에 최고데이터책임자(CDO)를 둬 공공 데이터를 개방해 민간과 공유하도록 했습니다. 우리나라는 디지털 뉴딜을 통해 디지털 대전환에 나서고 있는데 이 부분을 참고할 필요가 있습니다.”김재수(60·사진) 한국과학기술정보연구원(KISTI) 원장은 지난 15일 서울 홍릉 KISTI 서울분원에서 가진 서울경제와의 인터뷰에서 “국가적으로 데이터를 잘 활용할 수 있도록 해야 과학기술 융합 연구 활성화와 미래 성장 동력 확충, 국민 삶의 질 개선을 꾀할 수 있다”며 이같이 밝혔다. 그는 KISTI에서 30년 근무한 데이터 전문가로 올 3월 원장으로 취임해 ‘과학기술 인프라, 데이터로 세상을 바꾼다’는 슬로건을 실현하기 위해 애쓰고 있다.그는 “오바마는 각 부처와 기관에 CDO와 최고기술책임자(CTO)를 둬 국민과 기업에 대한 데이터 서비스를 확산하도록 했다”며 “각 부처와 기관에 분산된 데이터와 비공개 데이터를 공개해 강력한 행정 조치를 할 수 있는 기반을 마련했다. 잘하면 인센티브를 줘 데이터 개방을 촉진했다”고 소개했다. 이를 통해 오바마 정부는 15기가와트 발전량만큼의 전력을 절감한 그린 버튼(맞춤형 전력 사용 컨설팅 서비스)이라든지 국정 전반에서 효율화를 추진했다는 것이 그의 설명이다. 그는 이어 “도널드 트럼프 전 대통령도 사이버 보안을 강화하면서 대체로 오바마 정부의 데이터 정책 기조를 유지했다”고 했다. 올 초 취임한 조 바이든 대통령도 취임 즉시 ‘코로나19와 미래 중대 공중 보건 위협에 대한 데이터 기반 대응 보장’ 행정명령을 발표하는 등 데이터 행정을 중시하고 있다. 국방부·농업부·식품의약국 등 각 부처들이 데이터 활용 전략을 수립하고 데이터 현대화를 실행하고 있는 것이다.개인 정보 보호 의식이 약한 중국의 경우에는 막대한 빅데이터를 활용해 인공지능(AI)을 크게 발전시키는 등 각국이 4차 산업혁명 시대에 대비해 데이터 산업을 키우고 있다./대담·정리 고광본 선임기자 kbgo@sedaily.com물론 우리나라도 혁신 성장을 위해서는 데이터 활용이 필수적이라고 보고 제도 개선에 나서고 있다. 지난해 8월부터 시행 중인 ‘데이터 3법(개인정보보호법·정보통신망법·신용정보법개정안)’에 대해 미진한 부분이 있어 12일 ‘데이터 산업진흥 및 이용촉진에 관한 기본법(데이터기본법)’을 국무회의에서 통과시킨 것이다. 내년 4월께부터 시행에 들어가는 데이터기본법은 데이터 거래·분석 제공 사업자 신고제 도입, 데이터 거래사 양성, 데이터 가치평가·자산보호·분쟁조정위원회 도입 등을 담았다. 범부처 데이터 컨트롤타워인 국가데이터정책위원회도 국무총리 소속으로 신설된다. 김 원장은 “우리도 데이터 거버넌스를 잘 갖춰가고 있다”며 “다만 공공과 민간 데이터를 융합하고 대학, 정부 출연 연구기관, 기업의 과학기술 데이터를 효과적으로 활용하는 측면에서는 여전히 숙제가 남아 있다”고 말했다.특히 그는 데이터기본법에 포함된 데이터 안심 구역을 통해 산학연정(産學硏政)이 데이터 융합을 활발히 펼쳐야 한다고 역설했다. 그는 “이 구역에서는 KISTI의 슈퍼컴퓨터를 활용한 초고속망을 기반으로 공공 클라우드 체계를 구축하고 과학기술정보통신부 산하 25개 정부 출연 연구원뿐 아니라 기업들의 데이터도 활발하게 거래가 이뤄지도록 시행령에 담아야 한다”며 “사이버 보안을 전제로 바이오 생체 정보도 활용하게 되면 감염병 팬데믹(세계적 대유행) 시대에 백신이나 치료제 개발도 단축할 수 있을 것”이라고 기대했다.김 원장은 KISTI가 대학·출연연·기업 등에 과학기술 데이터를 지원하는 것에서 나아가 국가 과학기술 데이터에 관해서는 최고책임기관(CDO)으로 탈바꿈해야 한다는 소신도 피력했다. 그는 “산학연의 연구개발(R&D) 정보뿐 아니라 소재·바이오 등의 연구 원천인 대용량 연구 데이터를 체계적으로 수집하고 검증해 신뢰를 높이는 게 숙원”이라며 “이렇게 수준 높은 연구 플랫폼을 만들어 연구자와 기업이 R&D에 활용하도록 하겠다”고 비전을 제시했다. 국가적 R&D 플랫폼인 국가과학기술지식정보서비스(NTIS)가 각 부처별로 국가 R&D 과제(내년 30조 원)에 관한 정보, 성과, 연구자 정보를 담고 있는 것에 그치는 데 비해 연구 논문의 데이터 자체를 공유하는 쪽으로 나가야 한다는 것이다. 현재 KISTI의 과학기술 커뮤니케이션 플랫폼인 ‘액세스온(AccessON)’도 3,000여 만 건의 세계 논문을 무료로 서비스하는데 논문의 바탕이 되는 데이터는 공개되지 않고 있다. 그는 “NTIS는 국제 공동연구 과제의 요약본만 영문으로 제공하나 중국의 경우 한국 에이전트를 통해 정보를 가져간다”며 “인력 정보나 평가 등 주요 정보를 등급을 매겨 비공개 처리한다”고 덧붙였다.김 원장은 “올 초부터 시행 중인 국가연구개발혁신법에 연구 데이터 공개를 담아야 한다고 건의했었는데 누락됐었다”며 “연구자와 기업이 노하우인 연구 데이터 공개에 거부감이 있는데 어느 정도 공유해야 융합 연구를 촉진할 수 있을 것이다. 네이처 등 유명 저널에서는 논문에 사용된 데이터도 같이 제시하라고 한다”고 설명했다. 국가 R&D 자금이 투입돼 나온 대학·출연연·기업의 연구과제는 미국·영국 등처럼 데이터 자체를 공유하는 게 필요하다는 것이다.그는 “KISTI가 국내 산학연 간 과학기술 협력을 위한 플랫폼을 키울 것”이라며 “과기정통부 산하 25개 출연연을 관장하는 국가과학기술연구회(NST)의 김복철 이사장도 연구 데이터 융합에 많은 관심을 표하고 있다”고 전했다.그는 “우리 사회에서 디지털 전환 과정에서 정보화와 디지털화를 혼동하는 경향이 있다”며 “과학기술 데이터를 융합하기 위해 기존 벽과 칸막이를 허물어야 일자리도 만들고 새 부가가치를 창출할 수 있다”고 확신했다. 그러면서 인천·부산·대전시의 공공데이터, KISTI의 과학기술 인프라, 통신정보 등 민간 데이터를 합쳐 교통·환경 등 도시문제 해결을 모색하고 있다고 밝혔다. 인천의 경우 침수·미세먼지 대응과 교통 흐름 최적화, 대전은 장애인 교통복지 서비스와 환경·교통 개선, 부산은 침수·지진 경보·대피 서비스, 후두암·치주암 AI 진단 서비스(부산대병원)를 위한 R&D 공동 과제에 각각 속도를 내고 있다. 그는 “침수 발생 3시간 전 위험을 경고하고, 최적의 버스 노선 체계와 배차 계획 등을 산출하고, 항만에 드론과 사물인터넷을 결합해 고도별 미세먼지를 측정하면 국민 삶의 질 개선에 도움이 될 것”이라며 “KISTI는 신뢰성과 전문성을 바탕으로 한 데이터 처리기술을 갖고 있다""고 말했다. KISTI가 이런 다양한 공공·민간 데이터를 융합해 과학기술인의 연구 지원과 산학연정의 의사 결정에 도움을 주고 있다는 것이다.그는 재난재해·감염병 대응, 탄소 중립 등 국민 삶의 질 개선과 산업 경쟁력 향상을 위해서는 오는 2023년 국제입찰에 부칠 슈퍼컴퓨터 6호기 구축을 차질없이 추진해야 한다고 강조했다. 3년 전 가동을 시작한 슈퍼컴퓨터 5호기의 도입 과정에서 상당히 지연됐던 것을 타산지석 삼아 6호기는 제때 가동해야 한다는 것이다. 그는 “슈퍼컴퓨터는 보통 5년 주기로 교체하는데 2,000억 원으로 추산되는 6호기는 쉽지는 않겠지만 예비타당성 검토를 면제해서라도 제때 갖추는 게 필요하다”며 “미국·중국·일본 등은 매년 슈퍼컴퓨터 개발에 조 단위를 투자하고 있다”고 힘줘 말했다. 슈퍼컴퓨터가 연구 정확도 제고, 시간·비용 감축은 물론 재난 예측·방지, 산업 발전, 의학 혁신 등 전방위적으로 활용돼 국가 경쟁력과 직결된다는 것이 그의 소신이다. 그는 “AI 시대 데이터량 급증에 대비해야 하는데 5호기는 세계 30위권 밖의 능력으로 밀려났다”며 “슈퍼컴퓨터 6호기는 1초에 50경 번 연산이 가능해 5호기보다 성능이 20배나 높아 큰 도움이 될 것”이라고 확신했다. 정부는 슈퍼컴퓨터도 궁극적으로 국산화를 이뤄 미국·중국·일본에는 상당한 격차가 있지만 2030년에는 1초에 100경 회 연산을 수행하는 슈퍼컴퓨터를 국산화한다는 방침이다.김 원장은 기업에 대한 데이터 지원을 강화하기 위해 KISTI가 16년여 공들여온 과학기술정보협의회(ASTI) 활동에도 가속도를 내기로 했다. 대학 교수와 출연연 연구원들, 기업 연구소장 등 1만 2,000여 명으로 구성된 ASTI는 기술동향 등을 공유하며 지역 혁신 클러스터의 역할을 일정 부분 하고 있다는 평을 듣는다. 그는 “금형을 만들기 전에 슈퍼컴퓨터로 시뮬레이션하면 효과가 크다”며 “중소기업들도 스마트 팩토리(지능형 공장)와 디지털 트윈(기계 등을 가상 세계에 구현)에 대응할 수 있도록 지원하겠다”고 밝혔다. 다만 그는 “기업들이 정보 노출을 꺼려 각종 데이터를 맞춤형으로 선별 제공하는 데 애로가 있다”고 털어놓았다. /사진=권욱 기자he is..△1961년 서울 △홍익대 전자계산학과 졸업, 한국외국어대 전자계산학 석사, 홍익대 전자전산공학 박사 △군 전산교관 △1991년 한국과학기술정보연구원(KISTI, 당시 산업기술정보원) 입사 △2018∼2021년 KISTI 국가과학기술데이터본부장 △2011년∼ 한국융합학회 상임고문 △2012년 과학기술훈장 도약장 수상 △2012∼2015년 데이터거버넌스포럼 회장 △2013년∼ 과학기술연합대학원대학교 전임교수(과학기술경영정책) △2017년∼ 한국콘텐츠학회 부회장 △2021년∼ 한국기술혁신학회 회장 △2021년 3월∼ KISTI 원장"
38,2021.10.05. 오후 2:21,"[광주24시] 광주시, '의료헬스케어산업' 차세대 전략산업으로 키운다","지난해 매출 1조800억원…기업수 519개, 고용 4525명광주 교통약자 불편 심화…저상버스·콜택시 '부족'광주시청 전경 ⓒ광주시광주시가 미래 유망산업으로 급부상하고 있는 의료헬스케어산업을 차세대 전략산업으로 육성하기 위해 의료산업 신기술 개발과 산업기반 고도화 작업에 박차를 가하고 있다.5일 광주시에 따르면 시는 지난 2002년부터 광주테크노파크 타이타늄특수합금센터를 시작으로 의료헬스케어산업을 지속적으로 육성하고 있다. 현재는 치과를 비롯, 바이오, 광의료, 정형외과, 코스메디케어, 안과, 치매, 마이크로의료로봇 등 의료산업기반을 대폭 확장시켰다. 5일 광주시에 따르면 지난해 기준 광주에는 모두 519개 관련 기업이 자리를 잡아 4525명을 고용하고 1조828억원 매출을 기록했다. 최근 3년간 평균 18.4% 성장세를 보였다고 광주시는 설명했다.2002년 광주테크노파크 타이타늄 특수 합금센터를 시작으로 치과, 바이오, 정형외과, 코스 메디케어, 안과, 치매, 마이크로 의료 로봇 등으로까지 산업 기반이 넓어졌다.광주테크노파크 2단지를 중심으로 치과와 정형외과 생체의료소재부품센터를 비롯해 바이오헬스산업 클러스터가 자연스럽게 조성되고 최근 3년간은 연평균 18.4%씩 고성장하는 등 지역 경제에도 크게 기여하고 있다.실제 지난 2002년 매출액 2억원, 고용인원 22명, 2개에 불과한 관련 기업이 2020년 기준 매출 1조828억원, 고용 4525명, 사업체 수 519개로 폭발적인 성장세를 기록했다. 또 외지기업 유치와 일자리 창출, 수출 증가로 이어지는 선순환 구조가 자리 잡으면서 의료산업이 고용 유발형 차세대 지식기반 산업으로 자리매김하고 있다.시는 의료헬스케어산업의 미래 전략산업화를 위해 의료산업 신기술 개발 및 산업기반 고도화 작업에도 속도를 내고 있다.2014년 생체 의료소재 부품을 지역 주력산업으로 선정, 육성해 기존 임플란트 중심 금속 소재 지원을 고분자, 세라믹, 실리콘 등으로 확대했다. 대학, 병원, 연구기관, 기업 등 제품 개발에서 임상 적용까지 전주기 지원도 이뤄지고 있다.광주시는 마이크로 의료로봇 산업, 인공지능 기반 스마트 의료기기 개발 상용화 플랫폼 구축 등도 집중적으로 육성할 방침이다. 치매·고령 친화 산업, 화장품 분야도 지원해 2030년까지 기업 2000개를 육성, 매출 2조3000억원과 고용 9000명을 달성하겠다는 목표를 제시했다.손경종 광주시 인공지능산업국장은 ""의료헬스케어산업을 광주의 미래 성장 동력산업으로 키우기 위해 주력하고 있다""면서  ""의료 산업이 고령화 시대 고부가가치 산업이자 미래 성장 신산업으로 부상한 만큼 지역 경제의 한 축이 될 수 있도록 육성하겠다""고 말했다.◇광주 교통약자 불편 심화…저상버스·콜택시 '부족'-장재성 광주시의원, 시정질문서 지적…""지자체 책무""광주의 저상버스와 콜택시 등이 부족해 교통약자의 불편이 심화됐다는 지적이 나왔다.5일 광주시의회 장재성 의원의 시정질문 자료에 따르면 지난해 광주에서 운행 중인 시내버스 999대 중 저상버스는 261대(26.1％)에 불과했다.장재성 광주시의원 ⓒ광주시의회서울 59.6％, 부산 27.3％, 대구 36.9％, 인천 23.9％, 대전 31.3％ 등 다른 특·광역시에 비하면 낮은 수준이다. 장애인 콜택시는 116대로 법정 대수(186대)에 미치지 못했다.이용자가 저상버스 기사에게 승차 예약을 하는 서비스인 '광주교통약자버스' 애플리케이션은 잦은 오류가 발생하는 것으로 확인됐다.시각장애인들의 편의를 위해 도로에 마련된 점자블록은 일부 파손됐거나 잘못 설치됐는데도 관리가 제대로 이뤄지지 않는다고 장 의원은 지적했다.장 의원은 ""교통약자가 안전하고 편리하게 이동할 수 있도록 교통수단과 여객 시설의 이용 편의 및 보행 환경 개선을 위한 국가와 지방자치단체의 정책 수립과 시행 책무는 당연하다""고 말했다.◇광주시, 지역 대표 맛집 60여곳 선정…신청서 접수광주시는 제9기 '광주 맛집' 선정 계획을 공고하고 오는 15일까지 신청서를 받는다고 5일 밝혔다.제9기 맛집은 내년 1월부터 2년간 지정·운영된다. 광주시는 맛과 멋, 서비스, 위생 상태 등을 종합적으로 평가해 향토·한상·웰빙·힐링 등 6개 테마별로 총 60여 곳을 선정할 예정이다.선정된 업소는 맛집 지정 패를 부착할 수 있으며 입식 테이블 교체비, 시설개선 융자 우선 지원, 온라인 홍보 등 혜택도 받을 수 있다.◇광주 광산구 주민들, 직접 '복지의제' 발굴…내년 사업 반영광주 광산구 주민들이 다 함께 살기 좋은 마을을 만들기 위해 직접 복지의제를 발굴하고 나섰다.5일 광산구에 따르면 각 동마다 마을복지계획수립단을 구성해 주민욕구조사, 간담회, 주민선호도 조사 등 의제 발굴을 추진해 왔다.광주 광산구 임곡동 마을대동회 ⓒ광산구내년에 추진할 사업을 선정하는 마을대동회, 마을복지계획 선포식 등이 최근 잇따라 열렸다. 3일 신창동 주민들은 마을복지계획 선포식을 열어 '반찬 나눔사업', '신창빨래터 이불세탁 지원사업', '생일키트 전달사업' 등 세 가지 복지의제를 선정했다.이보다 앞서 지난달 30일 임곡동 마을복지계획수립단은 임곡복지문화관에서 마을대동회를 열고, 어르신 가정의 세탁을 지원하고 안부를 살피는 '수풀골 깔끄미'를 마을복지의제로 결정했다. 고령에 차량이 없어 대형세탁물 작업에 어려움을 호소하는 농촌마을의 현실을 고려한 의제다.또 운남동 마을복지계획수립단은 외출이 어려운 어르신과 기차나들이를 떠라는 '오늘이 가장 젊은 날'을 내년에 추진할 사업으로 정했다. 최종 결정된 마을복지의제는 각 동 지역사회보장협의체의 내년도 연중 사업으로 추진될 전망이다.광산구 관계자는 ""주민이 주체가 돼 직접 마을의 문제를 고민하고 해결하기 위한 의제를 선정하는 과정에서 수준 높은 풀뿌리 자치역량을 확인할 수 있었다""며 ""주민들의 활동을 앞으로도 적극 지원하겠다""고 말했다.◇광주 서구형 자치모델 추진…생활 밀접 서비스 동(洞) 이관광주 서구가 주민 생활과 밀접한 공공서비스 일부를 동(洞)으로 이관해 서구만의 자치모델을 만든다.5일 서구에 따르면 구청에서 진행하던 이면도로 청소, 어린이공원 관리, 광고물 정비, 경로당 운영지원 등 주민 생활과 밀접한 24개 업무를 동 행정복지센터로 이관한다.광주 서구청 전경 ⓒ광주 서구동 행정복지센터가 '가장 가까운 생활 정부'로서 마을의 중심 역할을 할 수 있도록 예산과 권한을 과감히 이양하고 인력도 동별로 1∼2명씩 단계적으로 추가 배치할 예정이다.관이 주도하는 공급자 중심의 서비스에서 주민이 주도하는 수요자 중심의 효율적인 서비스를 제공한다는 취지다.특히 주민이 마을 문제를 스스로 인식하고 결정하는 마을공동체 조직을 활성화해 마을 전반의 환경 정비 및 주민 편의와 관련된 보조업무를 담당하도록 할 계획이다.서대석 서구청장은 ""마을이 하나의 작은 생활 정부가 되는 것으로, 예산과 정책 결정 과정에 주민 의견을 수렴하는 시스템을 도입한 것""이라며 ""서구만의 자치모델이 견고하게 자리 잡을 수 있도록 최선을 다하겠다""고 말했다.◇광주 북구 생활SOC 복합화사업 예산 61억원 확보광주 북구는 국무조정실 주관 '2022년 생활SOC 복합화사업' 공모에 선정돼 국·시비 61억원을 확보했다고 5일 밝혔다.공모에 선정된 '운암동 생활SOC 복합화사업'은 총사업비 114억5000만원을 투입, 구 경양초등학교 부지에 지하 1층, 지상 3층(연면적 4000㎡) 규모로 추진된다.2024년까지 국민체육센터, 생활문화센터, 다함께돌봄센터, 주거지주차장 등을 조성하는 사업이다.북구는 그동안 반다비복합체육센터, 신용 복합공공도서관 등 총 5건의 생활 SOC 사업 선정으로 전국 지자체 중 3번째인 국비 227억원을 확보한 바 있으며, 해당 시설들은 내년 상반기에 준공될 예정이다.문인 북구청장은 ""주민 누구나, 어디서나 품격 있는 삶을 영위할 수 있도록 생활 SOC 확충에 더욱 노력하겠다""고 말했다.광주 북구청 전경 ⓒ광주 북구"
40,2021.10.25. 오후 1:55,인천지하철 적자 눈덩이…승객 주는데 무임수송 늘어,"지난해 적자 1천591억, 전년보다 28%↑…승객은 36%↓인천지하철 2호선 [연합뉴스 자료사진](인천=연합뉴스) 강종구 기자 = 인천지하철이 승객 감소와 무임수송 부담에 시달리며 심각한 적자 구조에서 헤어나오지 못하고 있다. 25일 인천교통공사에 따르면 공사의 작년 적자액은 1천591억원으로 2019년 1천247억원보다 27.6% 늘어났다.    교통공사 적자는 2016년 1천107억원, 2017년 1천170억원, 2018년 1천216억원 등 매년 증가 추세로 최근 5년간 누적 적자만 6천331억원에 이른다.    이 때문에 인천시로부터 지원받는 순수 운영보조금도 2017년 413억원에서 2020년 787억원으로 배 가까이 뛰어 시 재정 부담까지 커지는 실정이다.    교통공사 적자 확대는 신종 코로나바이러스 감염증(코로나19) 사태에 따른 승객 감소가 결정적인 역할을 했다. 실제로 지난해 인천지하철 승객은 1억2천204만명으로 2019년 1억6천606만명보다 36.1% 감소했다.    여기에 65세 이상 노인, 장애인, 국가유공자 등 사회적 교통약자 무임승객 비율이 작년 기준으로 전체의 18.4%에 달해 무임 손실 금액만 213억원을 기록하며 적자 폭을 키웠다.    작년에는 코로나19 여파로 무임 손실액이 다소 줄었지만, 인천교통공사의 무임수송 손실은 2016년 172억원, 2017년 250억원, 2018년 271억원, 2019년 297억원 등 매년 늘고 있다.     교통공사는 도시철도 법정 무임승차가 국가적 교통복지 제도인데도 국비 지원은 전혀 없는 실정이라며 무임수송 국비 보전을 위한 관계 법령 개정이 시급하다고 강조한다.    아울러 승객 감소와 무임수송 부담 외에도 2015년 이후 6년간 동결된 낮은 요금체계로 재정 적자가 누적되는 측면도 있다고 지적했다.     공사 측은 수송 원가 대비 인천지하철 운임 수준이 2016년 44.1%에서 2020년 32.7%로 하락해 승객 1명을 태울 때마다 1천742원을 손해 보는 구조라고 설명했다.    공사의 중장기 재정계획에 따르면 승객 수요 답보, 무임수송 증가, 낮은 요금 체계 등으로 2021∼2025년에는 연평균 적자가 1천326억원에 이를 것으로 전망됐다.     이종섭 인천교통공사 기획조정처장은 이날 인천언론인클럽 주최 온라인 토론회에서 ""지하철 운영기관의 자구노력만으로는 적자 구조개선에 한계가 있다""며 ""서울·부산 등 전국 6개 도시철도 운영기관이 원하는 무임손실 국비 보전이 조속히 이뤄져야 한다""고 했다.    고홍석 서울시립대 교수도 ""선진국 각 도시는 사회적 약자를 위한 공공요금 할인제도를 운용하고 그 비용은 중앙정부나 지방정부가 부담한다""며 ""국민의 이동권 보장을 위한 중앙정부의 적극적 역할 분담이 필요할 때""라고 강조했다. inyon@yna.co.kr"
41,2021.10.26. 오전 11:35,지하철 무임승차비용 지난해 4457억원,"			[경향신문] 서울시와 서울교통공사 직원들이 지난해 11월13일 서울 지하철 5호선 광화문역에서 지하철 이용 시 마스크 착용을 안내하는 현수막을 들고 있다. 권도현 기자지난해 경로우대자 등 대중교통 무임승차 비용 환산액이 4457억원인 것으로 나타났다.26일 국회 행정안전위원회 박완수 국민의힘 의원이 행안부로부터 제출받은 ‘2020년 도시철도공사 무임승차 현황’자료를 보면, 지난해 서울·부산·대구·인천·광주·대전 등 6개 광역도시철도공사 무임승차권은 3억 3191만 7000장으로 집계됐다. 이를 금액으로 환산하면 약 4457억원에 달한다.서울의 경우 지난해 무임승차권 1억9569만장을 발권했다. 이중 경로우대자가 1억6005만3000장으로 전체의 81.7%를 차지했다. 장애인에게는 3346만장(17%)을 발권했으며, 국가유공자에는 217만7000장(1.1%) 발권에 불과했다.부산 역시 전체 무임승차권 7663만4000장 가운데 경로우대자가 6421만2000장(83.7%)로 가장 많았다. 대구도 3331만4000장 가운데 2778만4000장(83.4%)이 경로우대자 무임승차 발권이었다.박 의원은 “지자체 국정감사를 통해 공통적으로 확인된 것 중 하나가 지방 교통공사의 재정악화였다”면서 “코로나19 영향으로 수송인원이 감소한 탓도 있지만 대중교통 무임승차 정책으로 인한 영향도 무시할 수 없다”고 지적했다. 이어 “어르신, 장애인, 국가유공자 등에 대한 무임승차는 정책적으로 추진하면서, 이에 대한 비용은 지방공사가 책임지도록 하는 것은 지자체 입장에서는 상당한 부담이 될 수밖에 없다”며 “지방행정 및 재정을 책임지고 있는 행안부에서 국토교통부와 함께 대중교통 무임승차 손실대책 마련에 적극 나서야 한다”고 밝혔다.		"
42,2021.10.28. 오전 10:26,부산지하철 고장·사고 중 51.6%는 전동차 문제,"부산광역시청 전경 © News1 DB(부산=뉴스1) 박채오 기자 = 부산지하철에서 발생한 고장과 사고의 절반 이상이 전동차 관련 장애인 것으로 나타났다.부산시는 지난 9월6일부터 14일까지 실시한 도시철도 안전 특별 합동점검 결과를 28일 발표했다.이번 점검에서는 2017년부터 최근 5년간 발생한 고장·사고 130건의 유형을 분석했다. 그 결과 출입문(18.4%), 차상신호장치(17.7%), 제동장치(10.8%), 추진장치(9.2%) 등 전동차 고장 장애가 73건(51.6%)으로 발생 빈도가 높은 것으로 나타났다.이에 따라 시는 Δ최근 5년간 고장·사고 유형 분석 활용 Δ연간 고장·사고 분석 및 맞춤형 점검 개선 Δ사고조사 신분처분 절차 및 실효성 보완 Δ고심도역 사고 대응 및 사후조치 강화 Δ전동차용 피뢰기 검수 및 관리 강화 Δ전기모터카 트롤리 관리기준 마련 Δ전동차 차상신호장치 기능 개선 Δ전동차 차륜 삭정 검사기준 도입 등 모두 8건의 대책을 제시하고, 관련 추진업무 14건의 개선을 권고했다.우선 전동차에 대한 검수 관리를 강화할 것을 요청했다. 특히 2호선 출입문과 제동장치, 3호선 추진장치의 고장 빈도가 잦기 때문에, 해당 사항을 최우선으로 정비하고 특별 점검할 것을 권고했다.또 지난 2019년 신설된 고장·사고 전담조직인 부산교통공사의 안전사고조사단의 전담인력을 충원해, 고장·사고 예방의 컨트롤타워 역할을 할 수 있도록 하고 고장·사고 모니터링과 맞춤형 예방 점검을 확대해야 한다고 요구했다.지난 8월 발생한 배산역의 피뢰기 고장 운행 장애의 예방·대응 방안도 제시됐다. 구체적으로 Δ승강장 전동차 고장·사고에도 승객대피를 지원하도록 역무원 현장조치 매뉴얼의 개정 Δ고심도 역사의 유사 사고를 대비한 승객대피 교육·훈련 강화 Δ고심도 역사의 피난안내도, 안내유도등, 휴대용 조명등 추가 설치 등이다.특히 배산역 고장 전동차의 피뢰기는 고장 발생 6개월 전에 교체됐고 교체 4개월 후 성능 검사에서도 정상으로 확인됐지만, 외부 환경요인 등으로 고장이 발생한 점을 고려해 피뢰기 검수 및 관리를 더욱 강화해야 한다고 강조했다.특히 도시철도 1~4호선 전체 전동차에 부착된 피뢰기와 보관 중인 피뢰기에 대한 전수조사와 성능 기준을 충족하더라도 성능이 낮은 피뢰기의 선제적 교체를 권고했다.지난 8월 신평역에서 발생한 트롤리 탈선사고에 대한 예방·대응 방안으로는, 차륜 마모에 따른 탈선으로 추정되는 사고의 재발 방지를 위해 같은 기종 4조를 사용금지 조치하고, 나머지 트롤리는 사고 예방을 위해 관리기준을 마련해야 한다고 권고했다.		"
44,2021.10.26. 오후 2:27,6개 지자체 지하철 무임수송 4500억원 손실,"			지난해 전국 6개 지방자치단체 지하철이 무임수송으로 인해 발생한 손실이 4500억원에 이르는 것으로 나타났다.26일 국회 행정안전위원회 박완수 국민의힘 의원이 행정안전부로부터 받은 ‘2020년 도시철도공사 무임승차 현황’에 따르면 지난해 전국 6개 지하철에서 사용된 무임승차권은 3억 3192만매로, 이를 금액으로 환산하면 4457억원에 달했다.지역별로는 서울교통공사가 2643억원으로 가장 많았다. 이어 부산교통공사가 1045억원, 대구도시철도공사가 416억원, 인천교통공사가 213억원으로 뒤를 이었다. 지하철을 운영한 기간이 상대적으로 짧은 광주도시철도공사와 대전도시철도공사에서도 무상수송 비용이 각각 62억원, 78억원 발생했다.박 의원은 “코로나19 영향으로 수송 인원이 감소한 탓도 있겠지만 어르신, 장애인, 국가유공자 등에 대한 무임승차를 추진하면서 비용을 지방공사가 책임지도록 한 것은 지자체 입장에서 상당한 부담”이라고 지적했다. 그는 이어 “지자체 국정감사를 통해 확인한 것 중 하나가 지방교통공사의 재정 악화”라며 “지방재정을 책임지는 행안부가 국토교통부와 함께 무임승차 손실을 보전하기 위한 대책 마련에 적극적으로 나서야 한다”라고 강조했다.사진은 서울 지하철 2호선 지하철 전동차의 모습. 연합뉴스"
45,2021.10.21. 오후 12:14,"박형준 시장 ""남구에 청년 갈맷길 조성 추진""","[부산=뉴시스] 박형준 부산시장. (사진=뉴시스 DB) *재판매 및 DB 금지[부산=뉴시스] 제갈수만 기자 = 박형준 부산시장은 21일 오전 '15분 도시 부산 비전 투어'의 아홉 번째 방문지로 남구를 찾았다.부산시는 시민 모두가 15분 내 일상생활이 가능한 부산을 만들고 인공지능(AI) 기술이 녹아든 도시 환경을 구축해 탄소중립 그린스마트 부산을 실현한다는 목표로 '15분 도시 부산' 정책을 추진하고 있다.이날 박 시장은 남구 부경대 대연캠퍼스 내 평화와 청년문화의 길 조성 예정 구간을 방문해 갈맷길을 걷고, 도심 갈맷길 조성 사업 추진을 통해 15분 생활권을 위한 보행친화도시 부산을 만들겠다는 비전을 밝혔다.이후 부경대 대연캠퍼스에서 남구민을 만나 '15분 도시 부산' 비전을 직접 설명하고, 지역 실정에 맞는 15분 도시 조성을 위해 주민의 목소리를 담아내고자 '남구민과의 행복토크' 시간을 가졌다.이 자리에는 사회적 거리두기 단계를 준수해 박재범 남구청장, 15분 도시 공감정책단, 남구민 등 30명이 함께 했고, 방역수칙에 따라 현장에 자리하지 못한 주민 등 60여 명은 줌(ZOOM)을 통해 온라인으로 행복토크에 참여했다.박 시장은 남구민과 만난 자리에서 ""15분 도시 조성을 위해 중요한 사항은 바로 이동에 관한 것이다""며 ""인공지능 스마트교통체계 도입, 퍼스널 모빌리티 확산 등으로 불필요한 교통체증을 해소하는 것도 필요하지만 시민 모두를 위해서 보행환경 개선을 통한 보행권익 증진이 무엇보다 우선해야 할 것이다""고 말했다.이어 ""기존 자연과 연계된 700리 갈맷길에 도심 속 300리 걷기 좋은 길을 추가해 누구나 걸어서 편리하고 쾌적하게 이동할 수 있는 환경을 만들 것이며, 이를 위해 신규 15개 노선을 중심으로 장애인, 노약자도 쉽고 편하게 걸을 수 있는 보행환경을 조성하고 노선별로 테마를 지정해 스토리가 있는 도보 관광이 가능하도록 조성하겠다""고 밝혔다.더불어 ""남구에는 지역의 역사와 특색을 반영해 청년, 평화, 미식, 산업을 테마로 도심갈맷길을 조성 추진 중이다""면서 ""특히 오늘 제가 걸어봤던 평화와 청년문화의 길에는 증강현실(AR) 기반 스마트거리, 대학로 디자인 거리, 공원 내 스마트 공원길 등 도심길에 미래 기술을 도입하고 디자인 거리를 조성하는 등 청년과 지역민이 모두 편리하고 편안하게 이용할 수 있는 도심 갈맷길을 조성하겠다""고 강조했다.이어 박 시장은 핵심 공약인 '15분 도시 부산'에 대해 직접 설명하고 참석한 구민들의 의견도 청취했다.박 시장은 ""'15분 도시 부산'은 도시에서 살아가는 부산시민들의 행복을 어떻게 실현하고 삶의 질을 향상할 수 있을까 하는 고민에서 시작됐다""고 소개하며 ""촘촘하게 구축한 생활 인프라를 통해 시민들이 대부분 생활을 근거리에서 할 수 있도록 해 삶의 여유를 되찾고 나아가 지속 가능한 지구 환경조성을 위해 탄소중립, 그린 스마트 도시를 구현해가자는 것이 15분 도시 부산의 핵심 사항이다""고 설명했다.그는 ""남구는 '다이나믹 부산'에 걸맞은 역동적인 젊은 도시다. 많은 대학이 있어 청년들이 모이고 부산항, 국제금융단지를 중심으로 활발한 경제활동이 이뤄지는 도시다""며 ""남구의 도시 특색에 맞는 15분 도시 정책은 무엇일지 4개 생활권역(문현, 대현, 우암·감만, 용호)을 기준으로 꼼꼼히 분석해서 부족한 부분을 채우고 생활SOC간 기능이 연계될 수 있도록 추진하겠다""고 말했다.그는 또 ""15분 도시의 성공적인 추진을 위해서는 시민들의 적극적인 관심과 지지가 필요하다""며 ""15분 도시 정책에 시민 한분 한분의 행복을 담을 수 있도록 여러분께서는 각자의 생활권역에 더욱 관심을 두고 돌아봐 주시길 바란다""고 당부했다.이날 남구 주민들은 박 시장에게 ▲오륙도선 트램 조기착공 ▲UN기념공원 경관지구 해제 ▲대연3동 용소부락지 내 소방도로 개설 ▲문현고가교 철거 ▲용호2동 복합청사 건립 ▲용당동 복합청사 건립 ▲부산국제금융센터 3단계 추진시 공공기관 추가 이전 ▲외대 부지 공영개발 추진 등 지역 현안을 건의했다."
54,2021.10.12. 오전 11:02,코로나19 대응 잘한 우수 해수욕장은 어디…속초-변산-대천 선정,"올해 277개 중 244개 개장…해운대에 가장 많은 인파 몰려(서울=연합뉴스) 김보경 기자 = 해양수산부는 신종 코로나바이러스 감염증(코로나19) 사태에도 방역관리 등에 모범을 보인 우수 해수욕장으로 강원 속초·전북 변산·충남 대천 등 3곳을 선정했다고 12일 밝혔다.    해수부는 코로나19 방역에 더해 안전, 환경, 물가 관리, 교통약자 이용 편의, 이용객 만족도 등을 종합적으로 평가해 우수 해수욕장을 선정했다.거리두기 4단계, 방역위해 순찰[연합뉴스 자료사진]먼저 속초 해수욕장은 1.2㎞에 달하는 울타리를 설치한 후 입장객이 안심콜로 등록하고, 체온 스티커를 부착한 후에만 출입하도록 해 방역관리에서 높은 점수를 받았다.    또 노약자와 장애인의 편의를 위해 백사장이나 물놀이에서 이용 가능한 수상 휠체어를 대여했고, 어린이 생존수영 체험 교실도 운영했다.    대천 해수욕장은 민관 협력형 방역관리와 방문객 편의 개선을 위해 노력한 점이 돋보였다.    이 해수욕장은 주변 상권을 하나의 방역권역으로 설정해 진입도로 3곳에 검역소를 설치했고, 드라이브 스루(차량 탑승) 방식으로 방문객 안심콜 등록과 체온 스티커 배부를 했다. 또 드론을 활용해 방역지침도 홍보했다.    아울러 해수욕장 상인회 등으로 구성된 자율방제단을 운영해 민관 협력형 방역체계를 구축했다.    변산해수욕장은 가족 단위 이용객을 겨냥해 물놀이 시 구명조끼 착용을 의무화했고, 구명조끼 무료 대여 서비스도 했다.    여기에 더해 놀이시설을 갖춘 야외 물놀이장과 모래 썰매장, 인공 암벽장, 오토캠핑장 등도 운영해 해수욕장의 방문 매력도를 높였다는 평가를 받았다.    한편 해수부는 해수욕장 이용객 만족도 설문조사 결과 전남 대광 해수욕장과 경남 광암 해수욕장이 이용객 만족도가 가장 높은 것으로 나타났다고 밝혔다.    올해 해수욕장은 전국 277개 중 244개가 개장했고, '사회적 거리두기' 4단계 격상 등으로 22곳이 조기 폐장했다.     전체 이용객은 작년 대비 16% 감소한 2천273만 명으로 집계됐다. 지역별로는 부산과 인천, 전남은 이용객이 감소했지만, 강원과 경남, 울산은 증가했다.시도별 해수욕장 이용객 현황 [해수부 제공. 재판매 및 DB 금지]개장 기간에 가장 많은 이용객이 다녀간 해수욕장은 부산 해운대(504만 명)였고 이어 대천(281만 명), 부산 송정(128만 명) 등의 순이었다.    이철조 해수부 해양정책관은 ""올해는 거리두기 4단계 등 코로나19 확산으로 해수욕장 방역관리에 어려움이 많았지만, 지자체의 노력 등으로 해수욕장에서는 코로나19 전파 사례가 발생하지 않았다""고 말했다. vivid@yna.co.kr"
58,2021.10.19. 오전 5:00,[오늘의 국감] 19일(화),"18일 인천 옹진군 백령도 해병대 제6여단에서 열린 국회 국방위원회 국정감사 현장정검에서 해병대 장병들이 '더쎈 해병 프로젝트' 전투기술을 시연하고 있다. 2021.10.18/뉴스1 © News1 국회사진취재단(서울=뉴스1) = ▲법제사법위 = 법제처 [국회 10:00] 군사법원 [국회 14:00]▲교육위 = 경북대학교, 부산대학교, 경상국립대학교, 전북대학교, 전남대학교, 제주대학교, 경북대병원, 경북대치과병원, 부산대병원, 부산대치과병원, 경상국립대병원, 전남대병원, 전북대병원, 제주대병원 [국회 10:00]▲국방위 = 국방과학연구소 [국방과학연구소 10:00] [현장시찰] 공군 제17전투비행단 [충북 청주 15:00]▲행정안전위 = 서울특별시 [시청 10:00] 서울경찰청 [서울경찰청, 시청감사 종료후]▲문화체육관광위 = 한국예술종합학교, 한국언론진흥재단, 국제방송교류재단, 언론중재위원회, 국립발레단, 국립극단, 국립국어원, 국립국악원, 사행산업통합감독위원회, 한국관광공사, 그랜드코리아레저(주), 한국문화정보원, 한국문화관광연구원, 한국도박문제관리센터 [국회 10:00] ▲농림축산식품해양수산위 = 수산업협동조합중앙회(수협은행 포함), 해양수산과학기술진흥원, 한국수산자원공단, 한국해양교통안전공단, 한국해양진흥공사, 한국어촌어항공단 [국회 10:00]▲보건복지위 = 한국노인인력개발원, 한국사회보장정보원, 한국보건복지인력개발원, 한국보육진흥원, 한국장애인개발원, 아동권리보장원 [국회 10:00]▲환경노동위 = [현장시찰] 시화호 조력발전소 [안산 13:30]		"
60,2021.10.12. 오전 11:00,"'강원 속초·전북 변산·충남 대천'…해수부, 올해 '우수해수욕장'에 선정","'방역·안전·환경·물가관리 분야·교통약자 이용편의·이용객 만족도' 등 종합 평가3개 해수욕장 지자체에 내년 시설개선 위해 국비 1억 지원…해양수산부 장관상·포상금 수여속초해수욕장 백사장 공간구획제(해양수산부 제공)© 뉴스1(세종=뉴스1) 백승철 기자 = 강원 속초시 속초, 전북 부안군 변산, 충남 보령시 대천 해수욕장 등 3곳이 올 여름 코로나19 확산에도 국민들이 안전하게 즐길 수 있는 휴양공간을 제공한 '우수해수욕장'으로 을 선정됐다.12일 해양수산부에 따르면 올해 우수해수욕장은 지난 8월 시·도에서 추천받은 21개 해수욕장을 대상으로 현장평가 등을 거쳐 1차로 8개소를 선발했다.  지난 9월 29일에는 해수욕장 평가위원회를 열어 방역, 안전, 환경, 물가관리 분야와 교통약자 이용편의 및 가치 제고, 이용객 만족도 등을 종합 평가해 최종 3개소를 선정했다.  올해 평가는 장기화된 코로나19 상황에서 누구나 해수욕장을 안심하고 편리하게 이용할 수 있도록 코로나19 방역관리와 장애인 등 교통약자 이용 편의 및 가치 제고를 위한 노력에 중점을 뒀다. 먼저 속초해수욕장은 1.2km에 이르는 해수욕장 구간에 방역울타리를 설치하고 3개의 출입구에서 입장객이 안심콜 등록과 체온스티커를 부착한 후 출입하도록 했으며, 백사장 내 개인파라솔 설치구간을 울타리로 구분해 공간구획제를 운영하는 등 방역관리를 철저했다.또 노약자 및 장애인의 편의를 위해 백사장이나 물놀이에도 이용 가능한 수상휠체어와 일반휠체어 대여서비스, 휴게 쉼터 등을 운영했으며, 24시간 수상안전요원 배치, 어린이 생존수영 체험교실 운영, 유아·어린이 물놀이 공간 제공 등에서 좋은 평가를 받았다.대천해수욕장은 해수욕장과 주변상권을 하나의 방역권역으로 설정해 진입도로 3곳에 검역소를 설치하고, 드라이브 스루 방식으로 방문객 안심콜 등록과 체온스티커 배부를 실시하는 방역시스템을 운영했다. 또 드론을 활용해 안내방송, LED 방역문구 송출 등 주·야간을 가리지 않는 방역지침 홍보와 새벽시간의 백사장 소독 실시 등 상시 방역관리를 추진했다.여기에 체온스티커를 부착하지 않거나 마스크를 쓰지 않으면 이용이 제한되는 안심업소 운영과 해수욕장 상인회 등으로 구성된 자율방제단 운영 등 민·관 협력형 방역체계를 구축했다는 점에서 좋은 평가를 받았다. 아울러, 장애인 등의 백사장 이용을 위한 수상휠체어 대여, 유모차나 일반휠체어의 이동이 용이하도록 백사장 내 카펫(carpet)을 설치하는 등 편의시설을 확충했으며, 반려동물 출입 가능업소 안내 등으로 방문객의 만족도를 높였다.변산해수욕장은 지리적 특성을 이용해 진입도로 3곳에서부터 해수욕장 방문객에 대한 안심콜 등록과 발열 확인을 철저히 실시했다. 또 가족단위 이용객이 많은 소형해수욕장의 특성에 맞게, 물놀이 시 구명조끼 착용을 의무화하고 구명조끼 무료 대여 서비스를 실시했다. 특히, 해수욕장에서 다양한 활동을 즐길 수 있도록 놀이시설을 갖춘 야외 물놀이장, 모래썰매장, 실내·외 인공 암벽장, 오토갬핑장과 야영장 등 다양한 시설을 운영해 해수욕장의 방문 매력도를 높인 점에서 좋은 평가를 받았다. 우수해수욕장으로 선정된 3개 해수욕장 관할 지방자치단체에는 2022년에 해수욕장 시설 개선을 위한 국비 1억 원이 지원되고, 해양수산부 장관상과 100만 원의 포상금이 수여된다. 이와 함께, 해수욕장 이용객 만족도 설문조사 결과를 토대로 ‘전남 신안군 대광해수욕장’과 ‘경남 창원시 광암해수욕장’을 이용객 만족도 우수해수욕장으로 선정해 해양수산부 장관상과 50만 원의 포상금을 수여할 예정이다. 이철조 해수부 해양정책관은 ""올해 해수욕장 방역관리에 어려움이 많았으나, 지자체의 노력과 해수욕장 이용객의 동참으로 해수욕장에서 코로나19 전파사례가 발생하지 않을 수 있었다""며 ""우수해수욕장 관계자 모두에게 감사의 마음을 전하며, 앞으로도 안전하게 다양한 즐거움을 누릴 수 있는 해수욕장을 만들기 위해 지자체와 함께 노력하겠다""고 말했다. 한편 올해 해수욕장은 코로나19로 인해 전국 277개 중 244개가 개장했으며, 사회적 거리두기 4단계 격상 등으로 22곳이 조기 폐장했다. 개장기간 중 이용객은 전년 대비 16%감소한 2273만 명이며, 거리두기 단계 격상 등으로 부산과 인천, 전남지역은 이용객이 감소한 반면, 강원과 경남, 울산지역은 수도권과 부산의 거리두기 4단계에 따른 풍선효과 등으로 이용객이 증가한 것으로 나타났다. 개장한 244개 해수욕장 중 가장 많은 이용객이 다녀간 해수욕장은 부산 해운대 해수욕장(504만 명)이었고, 이어 충남 대천 해수욕장(281만  명), 부산 송정 해수욕장(128만 명) 순으로 나타났다.		"
61,2021.10.15. 오전 5:00,[오늘의 국감] 15일(금),"14일 오후 충남 계룡대에서 국회 국방위원회의 해군본부에 대한 국정감사가 열리고 있다. 2021.10.14/뉴스1 © News1 김기태 기자(서울=뉴스1) = ▲법제사법위 = 서울고법 서울중앙지법 서울가정법원 서울행정법원 서울회생법원 서울동부지법 서울남부지법 서울북부지법 서울서부지법 의정부지법 인천지법 인천가정법원 수원고법 수원지법 수원가정법원 춘천지법 [국회 10:00]▲정무위 = 신용보증기금 한국산업은행 중소기업은행 서민금융진흥원 [국회 10:00]▲기획재정위 = 한국은행 [국회 10:00]▲외교통일위 = <미주반> 주멕시코대사관 [주멕시코대사관10:00] <미주반>주아르헨티나대사관 [주멕시코대사관14:00] <구주B반> 주아랍에미리트대사관 주아프가니스탄대사관 [주아랍에미리트대사관 15:00]▲국방위 = 5·18민주화운동진상규명조사위원회 병무청(대체역심사위원회) 군사망사고진상규명위원회 군인공제회 [국회 10:00]▲행정안전위 = 전라남도 [도청 10:00] 전라남도경찰청 [도경 도청감사 종료후] 부산광역시 [시청 10:00] 부산경찰청 [시경시청감사 종료후]▲농림축산식품해양수산위 = 농업협동조합중앙회 농협경제지주 농협금융지주 (농협은행,농협생명보험,농협손해보험,NH투자증권포함) [국회 10:00]▲산업통상자원중소벤처기업위 = 한국석유공사 한국가스공사 한국에너지공단 한국에너지재단 한국지역난방공사 ㈜강원랜드 대한석탄공사 한국가스기술공사 한국전기안전공사 한국가스안전공사 한국석유관리원 한국광해광업공단 [국회 10:00]▲보건복지위 = 국민건강보험공단 건강보험심사평가원 [국회 10:00]▲환경노동위 = 근로복지공단 한국산업안전보건공단 한국산업인력공단 한국장애인고용공단 한국고용정보원 학교법인 한국폴리텍 한국기술교육대학교 노사발전재단 건설근로자공제회 한국사회적기업진흥원 한국잡월드 한국고용노동교육원 [국회 10:00]▲국토교통위 = 인천국제공항공사 한국공항공사 항공안전기술원 국립항공박물관 [인천국제공항공사10:00]		"
64,2021.10.19. 오후 12:47,"SK텔레콤, 착한셔틀 더 안전하고 편리하게 진화","◆…사진제공:SK텔레콤SK텔레콤(대표 박정호)이 부산시와 한국장애인고용공단 및 연구개발특구진흥재단과 2022년 착한셔틀 시범사업 등을 골자로 하는 '민관 협업 더 착한 일자리 도약' 업무협약을 체결했다.   지난해 10월 선 보인 착한셔틀은 중증장애인 근로자의 자택 앞에서 근무지까지 운행하는 도어 투 도어(Door to Door) 셔틀버스 서비스로 타인의 도움 없이 대중교통 이용이 어려운 장애인 근로자의 출퇴근 안전과 효율적인 시간관리를 지원한다.  SK텔레콤은 T맵 데이터를 분석해 착한셔틀에 최적의 안전경로를 제공하는 기술을, 한국장애인고용공단은 위치확인 보조공학기기인 스마트지킴이를 지원하며 모두의 셔틀은 실시간 차량 위치 및 좌석을 확인하고 탑승 예약을 할 수 있는 솔루션을 제공하고 있다.   부산 시범사업을 계기로 착한셔틀에 최신 ICT 솔루션을 추가로 접목해 안정성과 편의성을 높였으며 셔틀 운행에 최적화된 자동 배차 엔진 TMS(Transportation Management System)를 적용, 배차계획 수립시간과 총 운행거리를 단축하는 것과 함께 실시간 교통정보 및 도로기반 정보를 반영해 경유지를 최적화하는 등의 효과를 거둘 수 있게 됐다.   또한, 착한셔틀 탑승고객, 승하차보조원, 운전기사 전용 애플리케이션을 각각 제작하여 탑승고객들의 실시간 승하차 정보 및 이동 중인 차량 위치 정보를 고객과 보호자에게 실시간 공유하고 수기로 관리하는 운행일지를 모바일로 체크할 수 있도록 운영 효율화를 지원할 계획이다.   부산시는 이번 시범사업을 통해 장애인 근로자 신규일자리 창출과 착한셔틀 승하차보조원 고용 및 인건비를 지원하는 외에도 장애인 고용과 이동권 증진을 위해 노력할 계획이다.   한국장애인고용공단은 스마트지킴이를 보조공학기기로 지정하여 착한셔틀 탑승 고객들에게 무상 제공하고, 착한셔틀에 출퇴근 요금지원 정책을 연계해 장애인 근로자들이 경제적 부담을 덜 수 있도록 지원할 계획이다.		"
68,2021.10.12. 오전 5:00,[오늘의 국감] 12일(화),"© News1 이동해 기자(서울=뉴스1) = ▲법사위 = 헌법재판소, 헌법재판연구원[국회 10:00] 고위공직자범죄수사처[국회 14:00]▲정무위 = 국민권익위원회, 국가보훈처, 한국보훈복지의료공단, 독립기념관, 88관광개발㈜ [국회 10:00]▲기재위 = 관세청, 조달청, 통계청[국회 10:00]▲국토교통위 = 한국철도공사, 국가철도공단, ㈜에스알, 코레일관광개발㈜, 코레일로지스㈜, 코레일네트웍스㈜, 코레일유통㈜, 코레일테크㈜[한국철도공사 10:00]▲교육위= 부산광역시교육청, 대구광역시교육청, 광주광역시교육청, 울산광역시교육청, 제주특별자치도교육청, 전라북도교육청, 전라남도교육청, 경상북도교육청, 경상남도교육청[국회10:00]▲과학기술정보방송통신위 = 한국방송공사, 한국교육방송공사[국회 10:00]▲외교통일위 = 주카자흐스탄대사관, 주상트페테르부르크총영사관[주러시아대사관 10:00] 주제네바대표부 주오스트리아대사관 [주제네바대표부 14:00]▲국방위 = 방위사업청[국회 10:00]▲행정안전위 = 인천시[국회 10:00] 인천경찰청[시청 감사 종료 후] 충청남도[국회10:00] 충남경찰청[도청 감사 종료 후]▲문화체육관광 = 대한체육회, 국민체육진흥공단, 태권도진흥재단, 대한장애인체육회[국회 10:00]▲농림축산식품해양수산위 = 산림청, 산림조합중앙회, 한국임업진흥원, 한국산림복지진흥원[국회 10:00]▲산업통상자원중소벤처기업위 = 한국전력공사, 한국수력원자력, 한국전력거래소, 한국전력기술, 한전국제원자력대학원대학교, 한국원자력환경공단, 한전KDN, 한전KPS, 한국원자력연료, 한국에너지정보문화재단, 한국남동발전, 한국중부발전, 한국서부발전, 한국남부발전, 한국동서발전, 한전엠씨에스㈜[국회 10:00]▲환경노동위 = 경제사회노동위원회, 중앙노동위원회, 최저임금위원회, 산업재해보상보험재심사위원회, 고용보험심사위원회, 고용노동부고객상담센터, 서울지방고용노동청, 중부지방고용노동청, 부산지방고용노동청, 대구지방고용노동청, 광주지방고용노동청, 대전지방고용노동청[국회 10:00]		"
69,2021.10.15. 오전 6:00,"서울행정법원 등 국정감사···여야, 윤석열 징계 취소 기각 공방 벌이나 [오늘의 국감]","			[경향신문] 이정수 서울중앙지검장, 김관정 수원고검장, 이성윤 서울고검장, 심우정 서울동부지검장 등이 지난 14일 국회에서 열린 법제사법위원회 국정감사에서 의원들의 질의를 듣고 있다. 국회사진기자단국회는 15일 법제사법위원회와 정무위원회 등 11개 상임위원회에서 국정감사를 진행한다.법사위에서는 윤석열 전 검찰총장 징계 취소 청구 기각 등을 두고 여야가 공방을 벌일 것으로 예상된다. 한국가스공사 등을 대상으로 하는 산업통상자원중소벤처기업위원회 국정감사에선 채희봉 한국가스공사 사장의 월성 원전 경제성 평가 조작 의혹이 도마에 오를 것으로 보인다. 채 사장은 2018년 청와대 산업정책비서관 재직 시절 월성 원전 1호기를 조기 폐쇄하려고 경제성 평가에 부당하게 관여했다는 의혹을 받고 지난 6월 기소됐다. ■법제사법 = 서울고법, 서울중앙지법, 서울가정법원, 서울행정법원, 서울회생법원, 서울동부지법, 서울남부지법, 서울북부지법, 서울서부지법, 의정부지법, 인천지법, 인천가정법원, 수원고법, 수원지법, 수원가정법원, 춘천지법(국회, 10:00)■정무 = 신용보증기금, 한국산업은행, 중소기업은행, 서민금융진흥원(국회, 10:00)■기획재정 = 한국은행(국회, 10:00)■외교통일 = <미주반> 주멕시코대사관(주멕시코대사관, 10:00), <미주반> 주아르헨티나대사관(주멕시코대사관, 14:00)■국방 = 5·18민주화운동진상규명조사위원회, 병무청(대체역 심사위원회), 군사망사고진상규명위원회, 군인공제회(국회, 10:00)■행정안전 = <지방1반> 전라남도(전남도청, 10:00), 전라남도경찰청(전남도경찰청 도청감사 종료후), <지방2반> 부산광역시(부산시청, 10:00), 부산경찰청 (부산경찰청, 시청감사 종료후)■농림축산식품해양수산 = 농업협동조합중앙회, 농협경제지주, 농협금융지주(농협은행, 농협생명보험, 농협손해보험, NH투자증권 포함) (국회, 10:00)■산업통상자원중소벤처기업 = 한국석유공사, 한국가스공사, 한국에너지공단, 한국에너지재단, 한국지역난방공사, ㈜강원랜드, 대한석탄공사, 한국가스기술공사, 한국전기안전공사, 한국가스안전공사, 한국석유관리원, 한국광해광업공단(국회, 10:00)■보건복지 = 국민건강보험공단, 건강보험심사평가원(국회, 10:00)■환경노동 = 근로복지공단, 한국산업안전보건공단, 한국산업인력공단, 한국장애인고용공단, 한국고용정보원, 학교법인 한국폴리텍, 한국기술교육대학교, 노사발전재단, 건설근로자공제회, 한국사회적기업진흥원, 한국잡월드, 한국고용노동교육원(국회, 10:00) ■국토교통 = 인천국제공항공사, 한국공항공사, 항공안전기술원, 국립항공박물관(인천국제공항공사, 10:00)		"
75,2021.10.08. 오전 11:55,"[기장24시]오규석 군수 ""도시철도 사업은 군민의 생명선""","기장 좌광천, 건강·행복 있는 웰니스 건강길로 재탄생 기장군, 원전해체 기업과 동남권 산단 분양 계약 체결도시철도 기장선·정관선 계획노선ⓒ기장군오규석 기장군수가 부산시에 기장군 도시철도 사업의 신속한 추진을 촉구했다. 8일 기장군에 따르면, 오 군수는 전날 오후 부산시 교통국을 방문해 정관선과 기장선 사업이 조기에 추진을 위한 행정적 지원을 당부했다. 또 금년도 예비타당성조사 대상사업으로 선정해 줄 것을 요청했다. 앞서 오 군수는 도시철도 사업 당위성과 시급성을 고려해 정관선과 기장선을 동시에 예비타당성조사 대상사업으로 신청했다.이날 오 군수는 부산시 교통국장 등을 만나 ""기장군 도시철도 사업은 세계 최대 원전 밀집지역인 기장지역의 원전사고 등 유사시 군민의 신속한 대피를 위한 생명선""이라고 강조했다. 이어 ""최근 세계적인 관광명소로 급부상하고 있는 기장군의 도로교통 대체수단""이라며 ""기장군의 발전과 철도교통 소외지역에 대한 도시철도 서비스 제공 등을 위해 정관선과 기장선을 예비타당성조사 대상사업으로 반드시 선정될 수 있도록 부산시에서 힘을 실어 주길 바란다""고 말했다. 이에 박진옥 부산시 교통국장은 ""기장군이 예비타당성조사 대상사업으로 신청한 도시철도 정관선과 기장선 사업에 대해 긍정적으로 검토하겠다""고 답했다. 기장선은 미씽링크 구간인 안평역과 일광신도시를 연결해 원도심에 대한 접근성을 강화하는 사업이다. 정관선은 좌천과 월평구간을 연결하는 사업이다. 이 사업이 완료되면 부산~양산~울산 광역철도를 통해 정관신도시가 동부산의 새로운 중심으로 도약할 수 있을 것으로 기대된다. 특히 부산~양산~울산 광역철도 노선은 부산 노포에서 정관 월평과 양산 웅산, 울산 무거를 거쳐 울산 KTX역까지 가는 노선이다. 이 노선에는 기장군이 역점사업으로 추진하고 있는 도시철도 정관선의 노포~월평구간이 포함돼 있다.노포~월평구간은 정관선과 연결된다. 이 구간은 정관신도시와 주변지역 교통수요 처리, 부산도심권에 대한 접근성과 울산지역 연결 등 광역교통망을 구축하는 필수적인 구간이다. 하지만 교통수요가 낮아 투입사업비 대비 편익이 낮게 측정됐다. 정관선 사업추진에 불리한 구간으로 판단돼 온 것이다.그러나 노포~월평구간이 제4차 국가철도망구축계획에 반영됨으로써 정관선 사업추진에 청신호가 켜졌다. 이와 함께 부산~양산~울산 광역철도 노선이 비수도권 광역철도 선도 사업으로 선정돼 사전타당성 조사 등의 행정절차가 신속히 추진될 것으로 기장군은 내다봤다. 기장군은 도시철도 정관선과 기장선 사업을 기장지역 내 KTX-이음 정차역 유치와 동해선 배차간격 단축 계획과도 연계해 추진하고 있다. KTX-이음은 중앙선 노선을 따라 서울 청량리와 안동 간 운행 중인 노선이다. 향후 안동역에서 신경주역에 연결된 이후 태화강역과 부전역 등 동해선으로 이어질 예정이다. 이에 기장군은 KTX-이음 정차역 건설을 위해 총력일 기울인다. 열차가 통과하는 기장지역 내 동해선 역사를 활용하겠다는 복안이다.오 군수는 ""인구가 증가하고 있다. 또 부산 최대 규모 복합쇼핑몰인 신세계아울렛과 롯데아울렛 등 문화·관광·상업시설이 들어오는 것을 고려한다면 도로교통 대체시설인 도시철도 기장선·정관선과 KTX-이음 정차역 등 철도시설은 반드시 필요하다""고 했다.정관읍 좌광천에 설치된 야외운동기구ⓒ기장군◇기장 좌광천, 건강·행복 있는 웰니스 건강길로 재탄생 생태하천으로 많은 인기를 얻고 있는 좌광천이 건강과 즐거움을 얻을 수 있는 도심형 웰니스 건강길로 조성된다. 기장군은 병산저수지에서 임랑해수욕장까지 이어지는 약 14km의 좌광천을 대대적으로 정비한다고 8일 밝혔다. 이에 따라 기장군은 좌광천 달산교 잔디광장과 모전교 일원에 운동시설을 추가로 확충한다. 또 지붕형·장애인용 운둥기구 등 야외운동기구 15종 23대를 설치한다. 이를 통해 다양한 체육활동을 할 수 있을 것으로 기대된다.기장군은 달산교 잔디광장에 가족들과 함께 찾는 어린이들을 위해 어린이 놀이기구도 설치한다. 놀이기구는 이달 중 이용 가능하다. 기장군은 이 놀이기구가 가족 이용객들에게 큰 인기를 끌 것으로 기대하고 있다. 또 달산교와 강변교 인근 둔치에는 대형 전통그네 2세트도 설치한다. 남원 광한루원 전통그네와 유사한 6m의 높이로 지어진다. 오규석 군수는 ""코로나19로 지친 군민들이 좌광천을 찾아 건강과 즐거움을 얻을 수 있도록 산책로를 편안하고 안전하게 정비하고 있다""며 ""또 운동과 휴식이 함께하는 힐링공간으로 만들겠다""고 말했다. ◇기장군, 원전해체 기업과 동남권 산단 분양 계약 체결기장군은 최근 원전해체 기업 대경기술(주)과 동남권 방사선 의·과학 일반산업단지 분양계약을 체결했다고 8일 밝혔다.계약에 따라 대경기술(주)는 동남권 산단 내 약 900평 규모의 부지에 원전해체 관련 기술연구를 위한 공장을 건립한다. 동남권 산단의 분양률은 34%로, 10월 현재 총 50필지 중 17필지가 계약 완료됐다. 현재 고리원전 1호기가 영구 정지되는 등 원전해체와 관련된 산업의 필요성이 증가하고 있다. 오규석 군수는 ""향후 원전해체관련 기업들이 동남권 산단 내 추가적으로 입주해 관련 산업이 시너지 효과를 일으킬 수 있도록 기장군의 전 역량을 집중하겠다""고 말했다."
